Workbook

Sheet Summary
A1: Platform Assessment — Summary
A2: Tranche roll-up by capability and sub-capability — counts update automatically from each tab.
A4: How it works:
A5: • Every capability tab has a tracker at the top — click a sub-capability to jump straight to its section; each section links back.
A6: • For each platform pick a State: Target state and Exception rows gray out automatically and drop off the matrix; Non-target rows stay lit.
A7: • Score Imperative to exit and Exit complexity (High / Medium / Low) — the Tranche column computes itself and the matrix bubbles (① + platform name) re-plot live.
A8: • Tranche rules: Low complexity → Tranche 1 · Medium complexity → Tranche 2 · High complexity + High imperative → Tranche 3 · Low imperative (or Medium imperative + High complexity) → no tranche.
A9: • Payment Processing → Gateway is pre-seeded with the slide's illustrative examples — replace them with real data.
A10: • Built for desktop Excel 2016 or later (no macros).
A12: # | B12: Capability | C12: Sub-capability | D12: Platforms listed | E12: Tranche 1 | F12: Tranche 2 | G12: Tranche 3 | H12: Open
A13: 1 | B13: Boarding | C13: Boarding Experience | D13: =COUNTA('Boarding'!$B$14:$B$23) | E13: =COUNTIF('Boarding'!$G$14:$G$23,"Tranche 1") | F13: =COUNTIF('Boarding'!$G$14:$G$23,"Tranche 2") | G13: =COUNTIF('Boarding'!$G$14:$G$23,"Tranche 3") | H13: =HYPERLINK("#'Boarding'!A12","Open →")
A14: 2 | C14: Ingress | D14: =COUNTA('Boarding'!$B$28:$B$37) | E14: =COUNTIF('Boarding'!$G$28:$G$37,"Tranche 1") | F14: =COUNTIF('Boarding'!$G$28:$G$37,"Tranche 2") | G14: =COUNTIF('Boarding'!$G$28:$G$37,"Tranche 3") | H14: =HYPERLINK("#'Boarding'!A26","Open →")
A15: 3 | C15: Boarding Orchestration | D15: =COUNTA('Boarding'!$B$42:$B$51) | E15: =COUNTIF('Boarding'!$G$42:$G$51,"Tranche 1") | F15: =COUNTIF('Boarding'!$G$42:$G$51,"Tranche 2") | G15: =COUNTIF('Boarding'!$G$42:$G$51,"Tranche 3") | H15: =HYPERLINK("#'Boarding'!A40","Open →")
A16: 4 | C16: Integration & Messaging | D16: =COUNTA('Boarding'!$B$56:$B$65) | E16: =COUNTIF('Boarding'!$G$56:$G$65,"Tranche 1") | F16: =COUNTIF('Boarding'!$G$56:$G$65,"Tranche 2") | G16: =COUNTIF('Boarding'!$G$56:$G$65,"Tranche 3") | H16: =HYPERLINK("#'Boarding'!A54","Open →")
A17: 5 | C17: Credit & Underwriting | D17: =COUNTA('Boarding'!$B$70:$B$79) | E17: =COUNTIF('Boarding'!$G$70:$G$79,"Tranche 1") | F17: =COUNTIF('Boarding'!$G$70:$G$79,"Tranche 2") | G17: =COUNTIF('Boarding'!$G$70:$G$79,"Tranche 3") | H17: =HYPERLINK("#'Boarding'!A68","Open →")
A18: 6 | C18: CPQ / Quote-pricing | D18: =COUNTA('Boarding'!$B$84:$B$93) | E18: =COUNTIF('Boarding'!$G$84:$G$93,"Tranche 1") | F18: =COUNTIF('Boarding'!$G$84:$G$93,"Tranche 2") | G18: =COUNTIF('Boarding'!$G$84:$G$93,"Tranche 3") | H18: =HYPERLINK("#'Boarding'!A82","Open →")
A19: 7 | B19: Single-in | C19: Global API | D19: =COUNTA('Single-in'!$B$13:$B$22) | E19: =COUNTIF('Single-in'!$G$13:$G$22,"Tranche 1") | F19: =COUNTIF('Single-in'!$G$13:$G$22,"Tranche 2") | G19: =COUNTIF('Single-in'!$G$13:$G$22,"Tranche 3") | H19: =HYPERLINK("#'Single-in'!A11","Open →")
A20: 8 | C20: Payment Apps & SDKs | D20: =COUNTA('Single-in'!$B$27:$B$36) | E20: =COUNTIF('Single-in'!$G$27:$G$36,"Tranche 1") | F20: =COUNTIF('Single-in'!$G$27:$G$36,"Tranche 2") | G20: =COUNTIF('Single-in'!$G$27:$G$36,"Tranche 3") | H20: =HYPERLINK("#'Single-in'!A25","Open →")
A21: 9 | C21: Developer Experience | D21: =COUNTA('Single-in'!$B$41:$B$50) | E21: =COUNTIF('Single-in'!$G$41:$G$50,"Tranche 1") | F21: =COUNTIF('Single-in'!$G$41:$G$50,"Tranche 2") | G21: =COUNTIF('Single-in'!$G$41:$G$50,"Tranche 3") | H21: =HYPERLINK("#'Single-in'!A39","Open →")
A22: 10 | C22: Hosted Solutions | D22: =COUNTA('Single-in'!$B$55:$B$64) | E22: =COUNTIF('Single-in'!$G$55:$G$64,"Tranche 1") | F22: =COUNTIF('Single-in'!$G$55:$G$64,"Tranche 2") | G22: =COUNTIF('Single-in'!$G$55:$G$64,"Tranche 3") | H22: =HYPERLINK("#'Single-in'!A53","Open →")
A23: 11 | C23: Unified Proposition | D23: =COUNTA('Single-in'!$B$69:$B$78) | E23: =COUNTIF('Single-in'!$G$69:$G$78,"Tranche 1") | F23: =COUNTIF('Single-in'!$G$69:$G$78,"Tranche 2") | G23: =COUNTIF('Single-in'!$G$69:$G$78,"Tranche 3") | H23: =HYPERLINK("#'Single-in'!A67","Open →")
A24: 12 | B24: Sales & Servicing | C24: CRM | D24: =COUNTA('Sales & Servicing'!$B$12:$B$21) | E24: =COUNTIF('Sales & Servicing'!$G$12:$G$21,"Tranche 1") | F24: =COUNTIF('Sales & Servicing'!$G$12:$G$21,"Tranche 2") | G24: =COUNTIF('Sales & Servicing'!$G$12:$G$21,"Tranche 3") | H24: =HYPERLINK("#'Sales & Servicing'!A10","Open →")
A25: 13 | C25: Servicing Tools | D25: =COUNTA('Sales & Servicing'!$B$26:$B$35) | E25: =COUNTIF('Sales & Servicing'!$G$26:$G$35,"Tranche 1") | F25: =COUNTIF('Sales & Servicing'!$G$26:$G$35,"Tranche 2") | G25: =COUNTIF('Sales & Servicing'!$G$26:$G$35,"Tranche 3") | H25: =HYPERLINK("#'Sales & Servicing'!A24","Open →")
A26: 14 | C26: Sales Automation | D26: =COUNTA('Sales & Servicing'!$B$40:$B$49) | E26: =COUNTIF('Sales & Servicing'!$G$40:$G$49,"Tranche 1") | F26: =COUNTIF('Sales & Servicing'!$G$40:$G$49,"Tranche 2") | G26: =COUNTIF('Sales & Servicing'!$G$40:$G$49,"Tranche 3") | H26: =HYPERLINK("#'Sales & Servicing'!A38","Open →")
A27: 15 | C27: Risks | D27: =COUNTA('Sales & Servicing'!$B$54:$B$63) | E27: =COUNTIF('Sales & Servicing'!$G$54:$G$63,"Tranche 1") | F27: =COUNTIF('Sales & Servicing'!$G$54:$G$63,"Tranche 2") | G27: =COUNTIF('Sales & Servicing'!$G$54:$G$63,"Tranche 3") | H27: =HYPERLINK("#'Sales & Servicing'!A52","Open →")
A28: 16 | B28: Payment Processing | C28: Gateway | D28: =COUNTA('Payment Processing'!$B$14:$B$23) | E28: =COUNTIF('Payment Processing'!$G$14:$G$23,"Tranche 1") | F28: =COUNTIF('Payment Processing'!$G$14:$G$23,"Tranche 2") | G28: =COUNTIF('Payment Processing'!$G$14:$G$23,"Tranche 3") | H28: =HYPERLINK("#'Payment Processing'!A12","Open →")
A29: 17 | C29: Switch | D29: =COUNTA('Payment Processing'!$B$28:$B$37) | E29: =COUNTIF('Payment Processing'!$G$28:$G$37,"Tranche 1") | F29: =COUNTIF('Payment Processing'!$G$28:$G$37,"Tranche 2") | G29: =COUNTIF('Payment Processing'!$G$28:$G$37,"Tranche 3") | H29: =HYPERLINK("#'Payment Processing'!A26","Open →")
A30: 18 | C30: Clearing Back-end | D30: =COUNTA('Payment Processing'!$B$42:$B$51) | E30: =COUNTIF('Payment Processing'!$G$42:$G$51,"Tranche 1") | F30: =COUNTIF('Payment Processing'!$G$42:$G$51,"Tranche 2") | G30: =COUNTIF('Payment Processing'!$G$42:$G$51,"Tranche 3") | H30: =HYPERLINK("#'Payment Processing'!A40","Open →")
A31: 19 | C31: Authorization Host | D31: =COUNTA('Payment Processing'!$B$56:$B$65) | E31: =COUNTIF('Payment Processing'!$G$56:$G$65,"Tranche 1") | F31: =COUNTIF('Payment Processing'!$G$56:$G$65,"Tranche 2") | G31: =COUNTIF('Payment Processing'!$G$56:$G$65,"Tranche 3") | H31: =HYPERLINK("#'Payment Processing'!A54","Open →")
A32: 20 | C32: Transaction monitoring | D32: =COUNTA('Payment Processing'!$B$70:$B$79) | E32: =COUNTIF('Payment Processing'!$G$70:$G$79,"Tranche 1") | F32: =COUNTIF('Payment Processing'!$G$70:$G$79,"Tranche 2") | G32: =COUNTIF('Payment Processing'!$G$70:$G$79,"Tranche 3") | H32: =HYPERLINK("#'Payment Processing'!A68","Open →")
A33: 21 | C33: APMs/LPMs | D33: =COUNTA('Payment Processing'!$B$84:$B$93) | E33: =COUNTIF('Payment Processing'!$G$84:$G$93,"Tranche 1") | F33: =COUNTIF('Payment Processing'!$G$84:$G$93,"Tranche 2") | G33: =COUNTIF('Payment Processing'!$G$84:$G$93,"Tranche 3") | H33: =HYPERLINK("#'Payment Processing'!A82","Open →")
A34: 22 | B34: VAS | C34: Routing | D34: =COUNTA('VAS'!$B$17:$B$26) | E34: =COUNTIF('VAS'!$G$17:$G$26,"Tranche 1") | F34: =COUNTIF('VAS'!$G$17:$G$26,"Tranche 2") | G34: =COUNTIF('VAS'!$G$17:$G$26,"Tranche 3") | H34: =HYPERLINK("#'VAS'!A15","Open →")
A35: 23 | C35: Networking Payment Tokens | D35: =COUNTA('VAS'!$B$31:$B$40) | E35: =COUNTIF('VAS'!$G$31:$G$40,"Tranche 1") | F35: =COUNTIF('VAS'!$G$31:$G$40,"Tranche 2") | G35: =COUNTIF('VAS'!$G$31:$G$40,"Tranche 3") | H35: =HYPERLINK("#'VAS'!A29","Open →")
A36: 24 | C36: DCC eDCC | D36: =COUNTA('VAS'!$B$45:$B$54) | E36: =COUNTIF('VAS'!$G$45:$G$54,"Tranche 1") | F36: =COUNTIF('VAS'!$G$45:$G$54,"Tranche 2") | G36: =COUNTIF('VAS'!$G$45:$G$54,"Tranche 3") | H36: =HYPERLINK("#'VAS'!A43","Open →")
A37: 25 | C37: Fraud | D37: =COUNTA('VAS'!$B$59:$B$68) | E37: =COUNTIF('VAS'!$G$59:$G$68,"Tranche 1") | F37: =COUNTIF('VAS'!$G$59:$G$68,"Tranche 2") | G37: =COUNTIF('VAS'!$G$59:$G$68,"Tranche 3") | H37: =HYPERLINK("#'VAS'!A57","Open →")
A38: 26 | C38: Credential Management | D38: =COUNTA('VAS'!$B$73:$B$82) | E38: =COUNTIF('VAS'!$G$73:$G$82,"Tranche 1") | F38: =COUNTIF('VAS'!$G$73:$G$82,"Tranche 2") | G38: =COUNTIF('VAS'!$G$73:$G$82,"Tranche 3") | H38: =HYPERLINK("#'VAS'!A71","Open →")
A39: 27 | C39: Gifts | D39: =COUNTA('VAS'!$B$87:$B$96) | E39: =COUNTIF('VAS'!$G$87:$G$96,"Tranche 1") | F39: =COUNTIF('VAS'!$G$87:$G$96,"Tranche 2") | G39: =COUNTIF('VAS'!$G$87:$G$96,"Tranche 3") | H39: =HYPERLINK("#'VAS'!A85","Open →")
A40: 28 | C40: Managed Optimization | D40: =COUNTA('VAS'!$B$101:$B$110) | E40: =COUNTIF('VAS'!$G$101:$G$110,"Tranche 1") | F40: =COUNTIF('VAS'!$G$101:$G$110,"Tranche 2") | G40: =COUNTIF('VAS'!$G$101:$G$110,"Tranche 3") | H40: =HYPERLINK("#'VAS'!A99","Open →")
A41: 29 | C41: 3DS / exemptions | D41: =COUNTA('VAS'!$B$115:$B$124) | E41: =COUNTIF('VAS'!$G$115:$G$124,"Tranche 1") | F41: =COUNTIF('VAS'!$G$115:$G$124,"Tranche 2") | G41: =COUNTIF('VAS'!$G$115:$G$124,"Tranche 3") | H41: =HYPERLINK("#'VAS'!A113","Open →")
A42: 30 | C42: FX | D42: =COUNTA('VAS'!$B$129:$B$138) | E42: =COUNTIF('VAS'!$G$129:$G$138,"Tranche 1") | F42: =COUNTIF('VAS'!$G$129:$G$138,"Tranche 2") | G42: =COUNTIF('VAS'!$G$129:$G$138,"Tranche 3") | H42: =HYPERLINK("#'VAS'!A127","Open →")
A43: 31 | B43: Unified Data and AI | C43: Overall | D43: =COUNTA('Unified Data and AI'!$B$9:$B$18) | E43: =COUNTIF('Unified Data and AI'!$G$9:$G$18,"Tranche 1") | F43: =COUNTIF('Unified Data and AI'!$G$9:$G$18,"Tranche 2") | G43: =COUNTIF('Unified Data and AI'!$G$9:$G$18,"Tranche 3") | H43: =HYPERLINK("#'Unified Data and AI'!A7","Open →")
A44: 32 | B44: Global Infrastructure | C44: Data Centers | D44: =COUNTA('Global Infrastructure'!$B$14:$B$23) | E44: =COUNTIF('Global Infrastructure'!$G$14:$G$23,"Tranche 1") | F44: =COUNTIF('Global Infrastructure'!$G$14:$G$23,"Tranche 2") | G44: =COUNTIF('Global Infrastructure'!$G$14:$G$23,"Tranche 3") | H44: =HYPERLINK("#'Global Infrastructure'!A12","Open →")
A45: 33 | C45: Cloud | D45: =COUNTA('Global Infrastructure'!$B$28:$B$37) | E45: =COUNTIF('Global Infrastructure'!$G$28:$G$37,"Tranche 1") | F45: =COUNTIF('Global Infrastructure'!$G$28:$G$37,"Tranche 2") | G45: =COUNTIF('Global Infrastructure'!$G$28:$G$37,"Tranche 3") | H45: =HYPERLINK("#'Global Infrastructure'!A26","Open →")
A46: 34 | C46: Observability | D46: =COUNTA('Global Infrastructure'!$B$42:$B$51) | E46: =COUNTIF('Global Infrastructure'!$G$42:$G$51,"Tranche 1") | F46: =COUNTIF('Global Infrastructure'!$G$42:$G$51,"Tranche 2") | G46: =COUNTIF('Global Infrastructure'!$G$42:$G$51,"Tranche 3") | H46: =HYPERLINK("#'Global Infrastructure'!A40","Open →")
A47: 35 | C47: Security | D47: =COUNTA('Global Infrastructure'!$B$56:$B$65) | E47: =COUNTIF('Global Infrastructure'!$G$56:$G$65,"Tranche 1") | F47: =COUNTIF('Global Infrastructure'!$G$56:$G$65,"Tranche 2") | G47: =COUNTIF('Global Infrastructure'!$G$56:$G$65,"Tranche 3") | H47: =HYPERLINK("#'Global Infrastructure'!A54","Open →")
A48: 36 | C48: AI Tools | D48: =COUNTA('Global Infrastructure'!$B$70:$B$79) | E48: =COUNTIF('Global Infrastructure'!$G$70:$G$79,"Tranche 1") | F48: =COUNTIF('Global Infrastructure'!$G$70:$G$79,"Tranche 2") | G48: =COUNTIF('Global Infrastructure'!$G$70:$G$79,"Tranche 3") | H48: =HYPERLINK("#'Global Infrastructure'!A68","Open →")
A49: 37 | C49: Design Systems | D49: =COUNTA('Global Infrastructure'!$B$84:$B$93) | E49: =COUNTIF('Global Infrastructure'!$G$84:$G$93,"Tranche 1") | F49: =COUNTIF('Global Infrastructure'!$G$84:$G$93,"Tranche 2") | G49: =COUNTIF('Global Infrastructure'!$G$84:$G$93,"Tranche 3") | H49: =HYPERLINK("#'Global Infrastructure'!A82","Open →")
A50: 38 | B50: Single-out | C50: Portal | D50: =COUNTA('Single-out'!$B$14:$B$23) | E50: =COUNTIF('Single-out'!$G$14:$G$23,"Tranche 1") | F50: =COUNTIF('Single-out'!$G$14:$G$23,"Tranche 2") | G50: =COUNTIF('Single-out'!$G$14:$G$23,"Tranche 3") | H50: =HYPERLINK("#'Single-out'!A12","Open →")
A51: 39 | C51: Reporting | D51: =COUNTA('Single-out'!$B$28:$B$37) | E51: =COUNTIF('Single-out'!$G$28:$G$37,"Tranche 1") | F51: =COUNTIF('Single-out'!$G$28:$G$37,"Tranche 2") | G51: =COUNTIF('Single-out'!$G$28:$G$37,"Tranche 3") | H51: =HYPERLINK("#'Single-out'!A26","Open →")
A52: 40 | C52: Billing | D52: =COUNTA('Single-out'!$B$42:$B$51) | E52: =COUNTIF('Single-out'!$G$42:$G$51,"Tranche 1") | F52: =COUNTIF('Single-out'!$G$42:$G$51,"Tranche 2") | G52: =COUNTIF('Single-out'!$G$42:$G$51,"Tranche 3") | H52: =HYPERLINK("#'Single-out'!A40","Open →")
A53: 41 | C53: Disputes | D53: =COUNTA('Single-out'!$B$56:$B$65) | E53: =COUNTIF('Single-out'!$G$56:$G$65,"Tranche 1") | F53: =COUNTIF('Single-out'!$G$56:$G$65,"Tranche 2") | G53: =COUNTIF('Single-out'!$G$56:$G$65,"Tranche 3") | H53: =HYPERLINK("#'Single-out'!A54","Open →")
A54: 42 | C54: Payouts | D54: =COUNTA('Single-out'!$B$70:$B$79) | E54: =COUNTIF('Single-out'!$G$70:$G$79,"Tranche 1") | F54: =COUNTIF('Single-out'!$G$70:$G$79,"Tranche 2") | G54: =COUNTIF('Single-out'!$G$70:$G$79,"Tranche 3") | H54: =HYPERLINK("#'Single-out'!A68","Open →")
A55: 43 | C55: PFaaS Products | D55: =COUNTA('Single-out'!$B$84:$B$93) | E55: =COUNTIF('Single-out'!$G$84:$G$93,"Tranche 1") | F55: =COUNTIF('Single-out'!$G$84:$G$93,"Tranche 2") | G55: =COUNTIF('Single-out'!$G$84:$G$93,"Tranche 3") | H55: =HYPERLINK("#'Single-out'!A82","Open →")
C56: Total | D56: =SUM(D13:D55) | E56: =SUM(E13:E55) | F56: =SUM(F13:F55) | G56: =SUM(G13:G55)

Sheet Boarding
A1: Boarding — Platform Assessment
A2: =HYPERLINK("#'Summary'!A1","← Back to Summary") | C2: Pick a State, score High / Medium / Low — the tranche, the matrix and the Summary update automatically.
A4: Tracker — jump to a sub-capability:
A5: 1. | B5: =HYPERLINK("#'Boarding'!A12","Boarding Experience")
A6: 2. | B6: =HYPERLINK("#'Boarding'!A26","Ingress")
A7: 3. | B7: =HYPERLINK("#'Boarding'!A40","Boarding Orchestration")
A8: 4. | B8: =HYPERLINK("#'Boarding'!A54","Integration & Messaging")
A9: 5. | B9: =HYPERLINK("#'Boarding'!A68","Credit & Underwriting")
A10: 6. | B10: =HYPERLINK("#'Boarding'!A82","CPQ / Quote-pricing")
A12: Boarding Experience | G12: =HYPERLINK("#'Boarding'!A4","▲ tracker") | K12: Assessment Outcome
A13: # | B13: Platform | C13: State | D13: Imperative to exit | E13: Exit complexity | F13: Supporting facts | G13: Tranche (auto) | K13: Low | L13: Medium | M13: High
A14: ① | G14: =IF(OR($B14="",$D14="",$E14=""),"",IF(OR($C14="Target state",$C14="Exception"),"Out of scope",IF($D14="Low","No tranche",IF($E14="Low","Tranche 1",IF($E14="Medium","Tranche 2",IF($D14="High","Tranche 3","No tranche")))))) | I14: Benefits | J14: High | K14: ="Tranche 1"&CHAR(10)&_xlfn.TEXTJOIN(CHAR(10),TRUE,O$14:O$23) | L14: ="Tranche 2"&CHAR(10)&_xlfn.TEXTJOIN(CHAR(10),TRUE,P$14:P$23) | M14: ="Tranche 3"&CHAR(10)&_xlfn.TEXTJOIN(CHAR(10),TRUE,Q$14:Q$23) | O14: =IF(AND($B14<>"",$C14<>"Target state",$C14<>"Exception",$D14="High",$E14="Low"),$A14&" "&$B14,"") | P14: =IF(AND($B14<>"",$C14<>"Target state",$C14<>"Exception",$D14="High",$E14="Medium"),$A14&" "&$B14,"") | Q14: =IF(AND($B14<>"",$C14<>"Target state",$C14<>"Exception",$D14="High",$E14="High"),$A14&" "&$B14,"") | R14: =IF(AND($B14<>"",$C14<>"Target state",$C14<>"Exception",$D14="Medium",$E14="Low"),$A14&" "&$B14,"") | S14: =IF(AND($B14<>"",$C14<>"Target state",$C14<>"Exception",$D14="Medium",$E14="Medium"),$A14&" "&$B14,"") | T14: =IF(AND($B14<>"",$C14<>"Target state",$C14<>"Exception",$D14="Medium",$E14="High"),$A14&" "&$B14,"") | U14: =IF(AND($B14<>"",$C14<>"Target state",$C14<>"Exception",$D14="Low",$E14="Low"),$A14&" "&$B14,"") | V14: =IF(AND($B14<>"",$C14<>"Target state",$C14<>"Exception",$D14="Low",$E14="Medium"),$A14&" "&$B14,"") | W14: =IF(AND($B14<>"",$C14<>"Target state",$C14<>"Exception",$D14="Low",$E14="High"),$A14&" "&$B14,"")
A15: ② | G15: =IF(OR($B15="",$D15="",$E15=""),"",IF(OR($C15="Target state",$C15="Exception"),"Out of scope",IF($D15="Low","No tranche",IF($E15="Low","Tranche 1",IF($E15="Medium","Tranche 2",IF($D15="High","Tranche 3","No tranche")))))) | O15: =IF(AND($B15<>"",$C15<>"Target state",$C15<>"Exception",$D15="High",$E15="Low"),$A15&" "&$B15,"") | P15: =IF(AND($B15<>"",$C15<>"Target state",$C15<>"Exception",$D15="High",$E15="Medium"),$A15&" "&$B15,"") | Q15: =IF(AND($B15<>"",$C15<>"Target state",$C15<>"Exception",$D15="High",$E15="High"),$A15&" "&$B15,"") | R15: =IF(AND($B15<>"",$C15<>"Target state",$C15<>"Exception",$D15="Medium",$E15="Low"),$A15&" "&$B15,"") | S15: =IF(AND($B15<>"",$C15<>"Target state",$C15<>"Exception",$D15="Medium",$E15="Medium"),$A15&" "&$B15,"") | T15: =IF(AND($B15<>"",$C15<>"Target state",$C15<>"Exception",$D15="Medium",$E15="High"),$A15&" "&$B15,"") | U15: =IF(AND($B15<>"",$C15<>"Target state",$C15<>"Exception",$D15="Low",$E15="Low"),$A15&" "&$B15,"") | V15: =IF(AND($B15<>"",$C15<>"Target state",$C15<>"Exception",$D15="Low",$E15="Medium"),$A15&" "&$B15,"") | W15: =IF(AND($B15<>"",$C15<>"Target state",$C15<>"Exception",$D15="Low",$E15="High"),$A15&" "&$B15,"")
A16: ③ | G16: =IF(OR($B16="",$D16="",$E16=""),"",IF(OR($C16="Target state",$C16="Exception"),"Out of scope",IF($D16="Low","No tranche",IF($E16="Low","Tranche 1",IF($E16="Medium","Tranche 2",IF($D16="High","Tranche 3","No tranche")))))) | O16: =IF(AND($B16<>"",$C16<>"Target state",$C16<>"Exception",$D16="High",$E16="Low"),$A16&" "&$B16,"") | P16: =IF(AND($B16<>"",$C16<>"Target state",$C16<>"Exception",$D16="High",$E16="Medium"),$A16&" "&$B16,"") | Q16: =IF(AND($B16<>"",$C16<>"Target state",$C16<>"Exception",$D16="High",$E16="High"),$A16&" "&$B16,"") | R16: =IF(AND($B16<>"",$C16<>"Target state",$C16<>"Exception",$D16="Medium",$E16="Low"),$A16&" "&$B16,"") | S16: =IF(AND($B16<>"",$C16<>"Target state",$C16<>"Exception",$D16="Medium",$E16="Medium"),$A16&" "&$B16,"") | T16: =IF(AND($B16<>"",$C16<>"Target state",$C16<>"Exception",$D16="Medium",$E16="High"),$A16&" "&$B16,"") | U16: =IF(AND($B16<>"",$C16<>"Target state",$C16<>"Exception",$D16="Low",$E16="Low"),$A16&" "&$B16,"") | V16: =IF(AND($B16<>"",$C16<>"Target state",$C16<>"Exception",$D16="Low",$E16="Medium"),$A16&" "&$B16,"") | W16: =IF(AND($B16<>"",$C16<>"Target state",$C16<>"Exception",$D16="Low",$E16="High"),$A16&" "&$B16,"")
A17: ④ | G17: =IF(OR($B17="",$D17="",$E17=""),"",IF(OR($C17="Target state",$C17="Exception"),"Out of scope",IF($D17="Low","No tranche",IF($E17="Low","Tranche 1",IF($E17="Medium","Tranche 2",IF($D17="High","Tranche 3","No tranche")))))) | J17: Medium | K17: ="Tranche 1"&CHAR(10)&_xlfn.TEXTJOIN(CHAR(10),TRUE,R$14:R$23) | L17: ="Tranche 2"&CHAR(10)&_xlfn.TEXTJOIN(CHAR(10),TRUE,S$14:S$23) | M17: =_xlfn.TEXTJOIN(CHAR(10),TRUE,T$14:T$23) | O17: =IF(AND($B17<>"",$C17<>"Target state",$C17<>"Exception",$D17="High",$E17="Low"),$A17&" "&$B17,"") | P17: =IF(AND($B17<>"",$C17<>"Target state",$C17<>"Exception",$D17="High",$E17="Medium"),$A17&" "&$B17,"") | Q17: =IF(AND($B17<>"",$C17<>"Target state",$C17<>"Exception",$D17="High",$E17="High"),$A17&" "&$B17,"") | R17: =IF(AND($B17<>"",$C17<>"Target state",$C17<>"Exception",$D17="Medium",$E17="Low"),$A17&" "&$B17,"") | S17: =IF(AND($B17<>"",$C17<>"Target state",$C17<>"Exception",$D17="Medium",$E17="Medium"),$A17&" "&$B17,"") | T17: =IF(AND($B17<>"",$C17<>"Target state",$C17<>"Exception",$D17="Medium",$E17="High"),$A17&" "&$B17,"") | U17: =IF(AND($B17<>"",$C17<>"Target state",$C17<>"Exception",$D17="Low",$E17="Low"),$A17&" "&$B17,"") | V17: =IF(AND($B17<>"",$C17<>"Target state",$C17<>"Exception",$D17="Low",$E17="Medium"),$A17&" "&$B17,"") | W17: =IF(AND($B17<>"",$C17<>"Target state",$C17<>"Exception",$D17="Low",$E17="High"),$A17&" "&$B17,"")
A18: ⑤ | G18: =IF(OR($B18="",$D18="",$E18=""),"",IF(OR($C18="Target state",$C18="Exception"),"Out of scope",IF($D18="Low","No tranche",IF($E18="Low","Tranche 1",IF($E18="Medium","Tranche 2",IF($D18="High","Tranche 3","No tranche")))))) | O18: =IF(AND($B18<>"",$C18<>"Target state",$C18<>"Exception",$D18="High",$E18="Low"),$A18&" "&$B18,"") | P18: =IF(AND($B18<>"",$C18<>"Target state",$C18<>"Exception",$D18="High",$E18="Medium"),$A18&" "&$B18,"") | Q18: =IF(AND($B18<>"",$C18<>"Target state",$C18<>"Exception",$D18="High",$E18="High"),$A18&" "&$B18,"") | R18: =IF(AND($B18<>"",$C18<>"Target state",$C18<>"Exception",$D18="Medium",$E18="Low"),$A18&" "&$B18,"") | S18: =IF(AND($B18<>"",$C18<>"Target state",$C18<>"Exception",$D18="Medium",$E18="Medium"),$A18&" "&$B18,"") | T18: =IF(AND($B18<>"",$C18<>"Target state",$C18<>"Exception",$D18="Medium",$E18="High"),$A18&" "&$B18,"") | U18: =IF(AND($B18<>"",$C18<>"Target state",$C18<>"Exception",$D18="Low",$E18="Low"),$A18&" "&$B18,"") | V18: =IF(AND($B18<>"",$C18<>"Target state",$C18<>"Exception",$D18="Low",$E18="Medium"),$A18&" "&$B18,"") | W18: =IF(AND($B18<>"",$C18<>"Target state",$C18<>"Exception",$D18="Low",$E18="High"),$A18&" "&$B18,"")
A19: ⑥ | G19: =IF(OR($B19="",$D19="",$E19=""),"",IF(OR($C19="Target state",$C19="Exception"),"Out of scope",IF($D19="Low","No tranche",IF($E19="Low","Tranche 1",IF($E19="Medium","Tranche 2",IF($D19="High","Tranche 3","No tranche")))))) | O19: =IF(AND($B19<>"",$C19<>"Target state",$C19<>"Exception",$D19="High",$E19="Low"),$A19&" "&$B19,"") | P19: =IF(AND($B19<>"",$C19<>"Target state",$C19<>"Exception",$D19="High",$E19="Medium"),$A19&" "&$B19,"") | Q19: =IF(AND($B19<>"",$C19<>"Target state",$C19<>"Exception",$D19="High",$E19="High"),$A19&" "&$B19,"") | R19: =IF(AND($B19<>"",$C19<>"Target state",$C19<>"Exception",$D19="Medium",$E19="Low"),$A19&" "&$B19,"") | S19: =IF(AND($B19<>"",$C19<>"Target state",$C19<>"Exception",$D19="Medium",$E19="Medium"),$A19&" "&$B19,"") | T19: =IF(AND($B19<>"",$C19<>"Target state",$C19<>"Exception",$D19="Medium",$E19="High"),$A19&" "&$B19,"") | U19: =IF(AND($B19<>"",$C19<>"Target state",$C19<>"Exception",$D19="Low",$E19="Low"),$A19&" "&$B19,"") | V19: =IF(AND($B19<>"",$C19<>"Target state",$C19<>"Exception",$D19="Low",$E19="Medium"),$A19&" "&$B19,"") | W19: =IF(AND($B19<>"",$C19<>"Target state",$C19<>"Exception",$D19="Low",$E19="High"),$A19&" "&$B19,"")
A20: ⑦ | G20: =IF(OR($B20="",$D20="",$E20=""),"",IF(OR($C20="Target state",$C20="Exception"),"Out of scope",IF($D20="Low","No tranche",IF($E20="Low","Tranche 1",IF($E20="Medium","Tranche 2",IF($D20="High","Tranche 3","No tranche")))))) | J20: Low | K20: =_xlfn.TEXTJOIN(CHAR(10),TRUE,U$14:U$23) | L20: =_xlfn.TEXTJOIN(CHAR(10),TRUE,V$14:V$23) | M20: =_xlfn.TEXTJOIN(CHAR(10),TRUE,W$14:W$23) | O20: =IF(AND($B20<>"",$C20<>"Target state",$C20<>"Exception",$D20="High",$E20="Low"),$A20&" "&$B20,"") | P20: =IF(AND($B20<>"",$C20<>"Target state",$C20<>"Exception",$D20="High",$E20="Medium"),$A20&" "&$B20,"") | Q20: =IF(AND($B20<>"",$C20<>"Target state",$C20<>"Exception",$D20="High",$E20="High"),$A20&" "&$B20,"") | R20: =IF(AND($B20<>"",$C20<>"Target state",$C20<>"Exception",$D20="Medium",$E20="Low"),$A20&" "&$B20,"") | S20: =IF(AND($B20<>"",$C20<>"Target state",$C20<>"Exception",$D20="Medium",$E20="Medium"),$A20&" "&$B20,"") | T20: =IF(AND($B20<>"",$C20<>"Target state",$C20<>"Exception",$D20="Medium",$E20="High"),$A20&" "&$B20,"") | U20: =IF(AND($B20<>"",$C20<>"Target state",$C20<>"Exception",$D20="Low",$E20="Low"),$A20&" "&$B20,"") | V20: =IF(AND($B20<>"",$C20<>"Target state",$C20<>"Exception",$D20="Low",$E20="Medium"),$A20&" "&$B20,"") | W20: =IF(AND($B20<>"",$C20<>"Target state",$C20<>"Exception",$D20="Low",$E20="High"),$A20&" "&$B20,"")
A21: ⑧ | G21: =IF(OR($B21="",$D21="",$E21=""),"",IF(OR($C21="Target state",$C21="Exception"),"Out of scope",IF($D21="Low","No tranche",IF($E21="Low","Tranche 1",IF($E21="Medium","Tranche 2",IF($D21="High","Tranche 3","No tranche")))))) | O21: =IF(AND($B21<>"",$C21<>"Target state",$C21<>"Exception",$D21="High",$E21="Low"),$A21&" "&$B21,"") | P21: =IF(AND($B21<>"",$C21<>"Target state",$C21<>"Exception",$D21="High",$E21="Medium"),$A21&" "&$B21,"") | Q21: =IF(AND($B21<>"",$C21<>"Target state",$C21<>"Exception",$D21="High",$E21="High"),$A21&" "&$B21,"") | R21: =IF(AND($B21<>"",$C21<>"Target state",$C21<>"Exception",$D21="Medium",$E21="Low"),$A21&" "&$B21,"") | S21: =IF(AND($B21<>"",$C21<>"Target state",$C21<>"Exception",$D21="Medium",$E21="Medium"),$A21&" "&$B21,"") | T21: =IF(AND($B21<>"",$C21<>"Target state",$C21<>"Exception",$D21="Medium",$E21="High"),$A21&" "&$B21,"") | U21: =IF(AND($B21<>"",$C21<>"Target state",$C21<>"Exception",$D21="Low",$E21="Low"),$A21&" "&$B21,"") | V21: =IF(AND($B21<>"",$C21<>"Target state",$C21<>"Exception",$D21="Low",$E21="Medium"),$A21&" "&$B21,"") | W21: =IF(AND($B21<>"",$C21<>"Target state",$C21<>"Exception",$D21="Low",$E21="High"),$A21&" "&$B21,"")
A22: ⑨ | G22: =IF(OR($B22="",$D22="",$E22=""),"",IF(OR($C22="Target state",$C22="Exception"),"Out of scope",IF($D22="Low","No tranche",IF($E22="Low","Tranche 1",IF($E22="Medium","Tranche 2",IF($D22="High","Tranche 3","No tranche")))))) | O22: =IF(AND($B22<>"",$C22<>"Target state",$C22<>"Exception",$D22="High",$E22="Low"),$A22&" "&$B22,"") | P22: =IF(AND($B22<>"",$C22<>"Target state",$C22<>"Exception",$D22="High",$E22="Medium"),$A22&" "&$B22,"") | Q22: =IF(AND($B22<>"",$C22<>"Target state",$C22<>"Exception",$D22="High",$E22="High"),$A22&" "&$B22,"") | R22: =IF(AND($B22<>"",$C22<>"Target state",$C22<>"Exception",$D22="Medium",$E22="Low"),$A22&" "&$B22,"") | S22: =IF(AND($B22<>"",$C22<>"Target state",$C22<>"Exception",$D22="Medium",$E22="Medium"),$A22&" "&$B22,"") | T22: =IF(AND($B22<>"",$C22<>"Target state",$C22<>"Exception",$D22="Medium",$E22="High"),$A22&" "&$B22,"") | U22: =IF(AND($B22<>"",$C22<>"Target state",$C22<>"Exception",$D22="Low",$E22="Low"),$A22&" "&$B22,"") | V22: =IF(AND($B22<>"",$C22<>"Target state",$C22<>"Exception",$D22="Low",$E22="Medium"),$A22&" "&$B22,"") | W22: =IF(AND($B22<>"",$C22<>"Target state",$C22<>"Exception",$D22="Low",$E22="High"),$A22&" "&$B22,"")
A23: ⑩ | G23: =IF(OR($B23="",$D23="",$E23=""),"",IF(OR($C23="Target state",$C23="Exception"),"Out of scope",IF($D23="Low","No tranche",IF($E23="Low","Tranche 1",IF($E23="Medium","Tranche 2",IF($D23="High","Tranche 3","No tranche")))))) | K23: Complexity | O23: =IF(AND($B23<>"",$C23<>"Target state",$C23<>"Exception",$D23="High",$E23="Low"),$A23&" "&$B23,"") | P23: =IF(AND($B23<>"",$C23<>"Target state",$C23<>"Exception",$D23="High",$E23="Medium"),$A23&" "&$B23,"") | Q23: =IF(AND($B23<>"",$C23<>"Target state",$C23<>"Exception",$D23="High",$E23="High"),$A23&" "&$B23,"") | R23: =IF(AND($B23<>"",$C23<>"Target state",$C23<>"Exception",$D23="Medium",$E23="Low"),$A23&" "&$B23,"") | S23: =IF(AND($B23<>"",$C23<>"Target state",$C23<>"Exception",$D23="Medium",$E23="Medium"),$A23&" "&$B23,"") | T23: =IF(AND($B23<>"",$C23<>"Target state",$C23<>"Exception",$D23="Medium",$E23="High"),$A23&" "&$B23,"") | U23: =IF(AND($B23<>"",$C23<>"Target state",$C23<>"Exception",$D23="Low",$E23="Low"),$A23&" "&$B23,"") | V23: =IF(AND($B23<>"",$C23<>"Target state",$C23<>"Exception",$D23="Low",$E23="Medium"),$A23&" "&$B23,"") | W23: =IF(AND($B23<>"",$C23<>"Target state",$C23<>"Exception",$D23="Low",$E23="High"),$A23&" "&$B23,"")
A26: Ingress | G26: =HYPERLINK("#'Boarding'!A4","▲ tracker") | K26: Assessment Outcome
A27: # | B27: Platform | C27: State | D27: Imperative to exit | E27: Exit complexity | F27: Supporting facts | G27: Tranche (auto) | K27: Low | L27: Medium | M27: High
A28: ① | G28: =IF(OR($B28="",$D28="",$E28=""),"",IF(OR($C28="Target state",$C28="Exception"),"Out of scope",IF($D28="Low","No tranche",IF($E28="Low","Tranche 1",IF($E28="Medium","Tranche 2",IF($D28="High","Tranche 3","No tranche")))))) | I28: Benefits | J28: High | K28: ="Tranche 1"&CHAR(10)&_xlfn.TEXTJOIN(CHAR(10),TRUE,O$28:O$37) | L28: ="Tranche 2"&CHAR(10)&_xlfn.TEXTJOIN(CHAR(10),TRUE,P$28:P$37) | M28: ="Tranche 3"&CHAR(10)&_xlfn.TEXTJOIN(CHAR(10),TRUE,Q$28:Q$37) | O28: =IF(AND($B28<>"",$C28<>"Target state",$C28<>"Exception",$D28="High",$E28="Low"),$A28&" "&$B28,"") | P28: =IF(AND($B28<>"",$C28<>"Target state",$C28<>"Exception",$D28="High",$E28="Medium"),$A28&" "&$B28,"") | Q28: =IF(AND($B28<>"",$C28<>"Target state",$C28<>"Exception",$D28="High",$E28="High"),$A28&" "&$B28,"") | R28: =IF(AND($B28<>"",$C28<>"Target state",$C28<>"Exception",$D28="Medium",$E28="Low"),$A28&" "&$B28,"") | S28: =IF(AND($B28<>"",$C28<>"Target state",$C28<>"Exception",$D28="Medium",$E28="Medium"),$A28&" "&$B28,"") | T28: =IF(AND($B28<>"",$C28<>"Target state",$C28<>"Exception",$D28="Medium",$E28="High"),$A28&" "&$B28,"") | U28: =IF(AND($B28<>"",$C28<>"Target state",$C28<>"Exception",$D28="Low",$E28="Low"),$A28&" "&$B28,"") | V28: =IF(AND($B28<>"",$C28<>"Target state",$C28<>"Exception",$D28="Low",$E28="Medium"),$A28&" "&$B28,"") | W28: =IF(AND($B28<>"",$C28<>"Target state",$C28<>"Exception",$D28="Low",$E28="High"),$A28&" "&$B28,"")
A29: ② | G29: =IF(OR($B29="",$D29="",$E29=""),"",IF(OR($C29="Target state",$C29="Exception"),"Out of scope",IF($D29="Low","No tranche",IF($E29="Low","Tranche 1",IF($E29="Medium","Tranche 2",IF($D29="High","Tranche 3","No tranche")))))) | O29: =IF(AND($B29<>"",$C29<>"Target state",$C29<>"Exception",$D29="High",$E29="Low"),$A29&" "&$B29,"") | P29: =IF(AND($B29<>"",$C29<>"Target state",$C29<>"Exception",$D29="High",$E29="Medium"),$A29&" "&$B29,"") | Q29: =IF(AND($B29<>"",$C29<>"Target state",$C29<>"Exception",$D29="High",$E29="High"),$A29&" "&$B29,"") | R29: =IF(AND($B29<>"",$C29<>"Target state",$C29<>"Exception",$D29="Medium",$E29="Low"),$A29&" "&$B29,"") | S29: =IF(AND($B29<>"",$C29<>"Target state",$C29<>"Exception",$D29="Medium",$E29="Medium"),$A29&" "&$B29,"") | T29: =IF(AND($B29<>"",$C29<>"Target state",$C29<>"Exception",$D29="Medium",$E29="High"),$A29&" "&$B29,"") | U29: =IF(AND($B29<>"",$C29<>"Target state",$C29<>"Exception",$D29="Low",$E29="Low"),$A29&" "&$B29,"") | V29: =IF(AND($B29<>"",$C29<>"Target state",$C29<>"Exception",$D29="Low",$E29="Medium"),$A29&" "&$B29,"") | W29: =IF(AND($B29<>"",$C29<>"Target state",$C29<>"Exception",$D29="Low",$E29="High"),$A29&" "&$B29,"")
A30: ③ | G30: =IF(OR($B30="",$D30="",$E30=""),"",IF(OR($C30="Target state",$C30="Exception"),"Out of scope",IF($D30="Low","No tranche",IF($E30="Low","Tranche 1",IF($E30="Medium","Tranche 2",IF($D30="High","Tranche 3","No tranche")))))) | O30: =IF(AND($B30<>"",$C30<>"Target state",$C30<>"Exception",$D30="High",$E30="Low"),$A30&" "&$B30,"") | P30: =IF(AND($B30<>"",$C30<>"Target state",$C30<>"Exception",$D30="High",$E30="Medium"),$A30&" "&$B30,"") | Q30: =IF(AND($B30<>"",$C30<>"Target state",$C30<>"Exception",$D30="High",$E30="High"),$A30&" "&$B30,"") | R30: =IF(AND($B30<>"",$C30<>"Target state",$C30<>"Exception",$D30="Medium",$E30="Low"),$A30&" "&$B30,"") | S30: =IF(AND($B30<>"",$C30<>"Target state",$C30<>"Exception",$D30="Medium",$E30="Medium"),$A30&" "&$B30,"") | T30: =IF(AND($B30<>"",$C30<>"Target state",$C30<>"Exception",$D30="Medium",$E30="High"),$A30&" "&$B30,"") | U30: =IF(AND($B30<>"",$C30<>"Target state",$C30<>"Exception",$D30="Low",$E30="Low"),$A30&" "&$B30,"") | V30: =IF(AND($B30<>"",$C30<>"Target state",$C30<>"Exception",$D30="Low",$E30="Medium"),$A30&" "&$B30,"") | W30: =IF(AND($B30<>"",$C30<>"Target state",$C30<>"Exception",$D30="Low",$E30="High"),$A30&" "&$B30,"")
A31: ④ | G31: =IF(OR($B31="",$D31="",$E31=""),"",IF(OR($C31="Target state",$C31="Exception"),"Out of scope",IF($D31="Low","No tranche",IF($E31="Low","Tranche 1",IF($E31="Medium","Tranche 2",IF($D31="High","Tranche 3","No tranche")))))) | J31: Medium | K31: ="Tranche 1"&CHAR(10)&_xlfn.TEXTJOIN(CHAR(10),TRUE,R$28:R$37) | L31: ="Tranche 2"&CHAR(10)&_xlfn.TEXTJOIN(CHAR(10),TRUE,S$28:S$37) | M31: =_xlfn.TEXTJOIN(CHAR(10),TRUE,T$28:T$37) | O31: =IF(AND($B31<>"",$C31<>"Target state",$C31<>"Exception",$D31="High",$E31="Low"),$A31&" "&$B31,"") | P31: =IF(AND($B31<>"",$C31<>"Target state",$C31<>"Exception",$D31="High",$E31="Medium"),$A31&" "&$B31,"") | Q31: =IF(AND($B31<>"",$C31<>"Target state",$C31<>"Exception",$D31="High",$E31="High"),$A31&" "&$B31,"") | R31: =IF(AND($B31<>"",$C31<>"Target state",$C31<>"Exception",$D31="Medium",$E31="Low"),$A31&" "&$B31,"") | S31: =IF(AND($B31<>"",$C31<>"Target state",$C31<>"Exception",$D31="Medium",$E31="Medium"),$A31&" "&$B31,"") | T31: =IF(AND($B31<>"",$C31<>"Target state",$C31<>"Exception",$D31="Medium",$E31="High"),$A31&" "&$B31,"") | U31: =IF(AND($B31<>"",$C31<>"Target state",$C31<>"Exception",$D31="Low",$E31="Low"),$A31&" "&$B31,"") | V31: =IF(AND($B31<>"",$C31<>"Target state",$C31<>"Exception",$D31="Low",$E31="Medium"),$A31&" "&$B31,"") | W31: =IF(AND($B31<>"",$C31<>"Target state",$C31<>"Exception",$D31="Low",$E31="High"),$A31&" "&$B31,"")
A32: ⑤ | G32: =IF(OR($B32="",$D32="",$E32=""),"",IF(OR($C32="Target state",$C32="Exception"),"Out of scope",IF($D32="Low","No tranche",IF($E32="Low","Tranche 1",IF($E32="Medium","Tranche 2",IF($D32="High","Tranche 3","No tranche")))))) | O32: =IF(AND($B32<>"",$C32<>"Target state",$C32<>"Exception",$D32="High",$E32="Low"),$A32&" "&$B32,"") | P32: =IF(AND($B32<>"",$C32<>"Target state",$C32<>"Exception",$D32="High",$E32="Medium"),$A32&" "&$B32,"") | Q32: =IF(AND($B32<>"",$C32<>"Target state",$C32<>"Exception",$D32="High",$E32="High"),$A32&" "&$B32,"") | R32: =IF(AND($B32<>"",$C32<>"Target state",$C32<>"Exception",$D32="Medium",$E32="Low"),$A32&" "&$B32,"") | S32: =IF(AND($B32<>"",$C32<>"Target state",$C32<>"Exception",$D32="Medium",$E32="Medium"),$A32&" "&$B32,"") | T32: =IF(AND($B32<>"",$C32<>"Target state",$C32<>"Exception",$D32="Medium",$E32="High"),$A32&" "&$B32,"") | U32: =IF(AND($B32<>"",$C32<>"Target state",$C32<>"Exception",$D32="Low",$E32="Low"),$A32&" "&$B32,"") | V32: =IF(AND($B32<>"",$C32<>"Target state",$C32<>"Exception",$D32="Low",$E32="Medium"),$A32&" "&$B32,"") | W32: =IF(AND($B32<>"",$C32<>"Target state",$C32<>"Exception",$D32="Low",$E32="High"),$A32&" "&$B32,"")
A33: ⑥ | G33: =IF(OR($B33="",$D33="",$E33=""),"",IF(OR($C33="Target state",$C33="Exception"),"Out of scope",IF($D33="Low","No tranche",IF($E33="Low","Tranche 1",IF($E33="Medium","Tranche 2",IF($D33="High","Tranche 3","No tranche")))))) | O33: =IF(AND($B33<>"",$C33<>"Target state",$C33<>"Exception",$D33="High",$E33="Low"),$A33&" "&$B33,"") | P33: =IF(AND($B33<>"",$C33<>"Target state",$C33<>"Exception",$D33="High",$E33="Medium"),$A33&" "&$B33,"") | Q33: =IF(AND($B33<>"",$C33<>"Target state",$C33<>"Exception",$D33="High",$E33="High"),$A33&" "&$B33,"") | R33: =IF(AND($B33<>"",$C33<>"Target state",$C33<>"Exception",$D33="Medium",$E33="Low"),$A33&" "&$B33,"") | S33: =IF(AND($B33<>"",$C33<>"Target state",$C33<>"Exception",$D33="Medium",$E33="Medium"),$A33&" "&$B33,"") | T33: =IF(AND($B33<>"",$C33<>"Target state",$C33<>"Exception",$D33="Medium",$E33="High"),$A33&" "&$B33,"") | U33: =IF(AND($B33<>"",$C33<>"Target state",$C33<>"Exception",$D33="Low",$E33="Low"),$A33&" "&$B33,"") | V33: =IF(AND($B33<>"",$C33<>"Target state",$C33<>"Exception",$D33="Low",$E33="Medium"),$A33&" "&$B33,"") | W33: =IF(AND($B33<>"",$C33<>"Target state",$C33<>"Exception",$D33="Low",$E33="High"),$A33&" "&$B33,"")
A34: ⑦ | G34: =IF(OR($B34="",$D34="",$E34=""),"",IF(OR($C34="Target state",$C34="Exception"),"Out of scope",IF($D34="Low","No tranche",IF($E34="Low","Tranche 1",IF($E34="Medium","Tranche 2",IF($D34="High","Tranche 3","No tranche")))))) | J34: Low | K34: =_xlfn.TEXTJOIN(CHAR(10),TRUE,U$28:U$37) | L34: =_xlfn.TEXTJOIN(CHAR(10),TRUE,V$28:V$37) | M34: =_xlfn.TEXTJOIN(CHAR(10),TRUE,W$28:W$37) | O34: =IF(AND($B34<>"",$C34<>"Target state",$C34<>"Exception",$D34="High",$E34="Low"),$A34&" "&$B34,"") | P34: =IF(AND($B34<>"",$C34<>"Target state",$C34<>"Exception",$D34="High",$E34="Medium"),$A34&" "&$B34,"") | Q34: =IF(AND($B34<>"",$C34<>"Target state",$C34<>"Exception",$D34="High",$E34="High"),$A34&" "&$B34,"") | R34: =IF(AND($B34<>"",$C34<>"Target state",$C34<>"Exception",$D34="Medium",$E34="Low"),$A34&" "&$B34,"") | S34: =IF(AND($B34<>"",$C34<>"Target state",$C34<>"Exception",$D34="Medium",$E34="Medium"),$A34&" "&$B34,"") | T34: =IF(AND($B34<>"",$C34<>"Target state",$C34<>"Exception",$D34="Medium",$E34="High"),$A34&" "&$B34,"") | U34: =IF(AND($B34<>"",$C34<>"Target state",$C34<>"Exception",$D34="Low",$E34="Low"),$A34&" "&$B34,"") | V34: =IF(AND($B34<>"",$C34<>"Target state",$C34<>"Exception",$D34="Low",$E34="Medium"),$A34&" "&$B34,"") | W34: =IF(AND($B34<>"",$C34<>"Target state",$C34<>"Exception",$D34="Low",$E34="High"),$A34&" "&$B34,"")
A35: ⑧ | G35: =IF(OR($B35="",$D35="",$E35=""),"",IF(OR($C35="Target state",$C35="Exception"),"Out of scope",IF($D35="Low","No tranche",IF($E35="Low","Tranche 1",IF($E35="Medium","Tranche 2",IF($D35="High","Tranche 3","No tranche")))))) | O35: =IF(AND($B35<>"",$C35<>"Target state",$C35<>"Exception",$D35="High",$E35="Low"),$A35&" "&$B35,"") | P35: =IF(AND($B35<>"",$C35<>"Target state",$C35<>"Exception",$D35="High",$E35="Medium"),$A35&" "&$B35,"") | Q35: =IF(AND($B35<>"",$C35<>"Target state",$C35<>"Exception",$D35="High",$E35="High"),$A35&" "&$B35,"") | R35: =IF(AND($B35<>"",$C35<>"Target state",$C35<>"Exception",$D35="Medium",$E35="Low"),$A35&" "&$B35,"") | S35: =IF(AND($B35<>"",$C35<>"Target state",$C35<>"Exception",$D35="Medium",$E35="Medium"),$A35&" "&$B35,"") | T35: =IF(AND($B35<>"",$C35<>"Target state",$C35<>"Exception",$D35="Medium",$E35="High"),$A35&" "&$B35,"") | U35: =IF(AND($B35<>"",$C35<>"Target state",$C35<>"Exception",$D35="Low",$E35="Low"),$A35&" "&$B35,"") | V35: =IF(AND($B35<>"",$C35<>"Target state",$C35<>"Exception",$D35="Low",$E35="Medium"),$A35&" "&$B35,"") | W35: =IF(AND($B35<>"",$C35<>"Target state",$C35<>"Exception",$D35="Low",$E35="High"),$A35&" "&$B35,"")
A36: ⑨ | G36: =IF(OR($B36="",$D36="",$E36=""),"",IF(OR($C36="Target state",$C36="Exception"),"Out of scope",IF($D36="Low","No tranche",IF($E36="Low","Tranche 1",IF($E36="Medium","Tranche 2",IF($D36="High","Tranche 3","No tranche")))))) | O36: =IF(AND($B36<>"",$C36<>"Target state",$C36<>"Exception",$D36="High",$E36="Low"),$A36&" "&$B36,"") | P36: =IF(AND($B36<>"",$C36<>"Target state",$C36<>"Exception",$D36="High",$E36="Medium"),$A36&" "&$B36,"") | Q36: =IF(AND($B36<>"",$C36<>"Target state",$C36<>"Exception",$D36="High",$E36="High"),$A36&" "&$B36,"") | R36: =IF(AND($B36<>"",$C36<>"Target state",$C36<>"Exception",$D36="Medium",$E36="Low"),$A36&" "&$B36,"") | S36: =IF(AND($B36<>"",$C36<>"Target state",$C36<>"Exception",$D36="Medium",$E36="Medium"),$A36&" "&$B36,"") | T36: =IF(AND($B36<>"",$C36<>"Target state",$C36<>"Exception",$D36="Medium",$E36="High"),$A36&" "&$B36,"") | U36: =IF(AND($B36<>"",$C36<>"Target state",$C36<>"Exception",$D36="Low",$E36="Low"),$A36&" "&$B36,"") | V36: =IF(AND($B36<>"",$C36<>"Target state",$C36<>"Exception",$D36="Low",$E36="Medium"),$A36&" "&$B36,"") | W36: =IF(AND($B36<>"",$C36<>"Target state",$C36<>"Exception",$D36="Low",$E36="High"),$A36&" "&$B36,"")
A37: ⑩ | G37: =IF(OR($B37="",$D37="",$E37=""),"",IF(OR($C37="Target state",$C37="Exception"),"Out of scope",IF($D37="Low","No tranche",IF($E37="Low","Tranche 1",IF($E37="Medium","Tranche 2",IF($D37="High","Tranche 3","No tranche")))))) | K37: Complexity | O37: =IF(AND($B37<>"",$C37<>"Target state",$C37<>"Exception",$D37="High",$E37="Low"),$A37&" "&$B37,"") | P37: =IF(AND($B37<>"",$C37<>"Target state",$C37<>"Exception",$D37="High",$E37="Medium"),$A37&" "&$B37,"") | Q37: =IF(AND($B37<>"",$C37<>"Target state",$C37<>"Exception",$D37="High",$E37="High"),$A37&" "&$B37,"") | R37: =IF(AND($B37<>"",$C37<>"Target state",$C37<>"Exception",$D37="Medium",$E37="Low"),$A37&" "&$B37,"") | S37: =IF(AND($B37<>"",$C37<>"Target state",$C37<>"Exception",$D37="Medium",$E37="Medium"),$A37&" "&$B37,"") | T37: =IF(AND($B37<>"",$C37<>"Target state",$C37<>"Exception",$D37="Medium",$E37="High"),$A37&" "&$B37,"") | U37: =IF(AND($B37<>"",$C37<>"Target state",$C37<>"Exception",$D37="Low",$E37="Low"),$A37&" "&$B37,"") | V37: =IF(AND($B37<>"",$C37<>"Target state",$C37<>"Exception",$D37="Low",$E37="Medium"),$A37&" "&$B37,"") | W37: =IF(AND($B37<>"",$C37<>"Target state",$C37<>"Exception",$D37="Low",$E37="High"),$A37&" "&$B37,"")
A40: Boarding Orchestration | G40: =HYPERLINK("#'Boarding'!A4","▲ tracker") | K40: Assessment Outcome
A41: # | B41: Platform | C41: State | D41: Imperative to exit | E41: Exit complexity | F41: Supporting facts | G41: Tranche (auto) | K41: Low | L41: Medium | M41: High
A42: ① | G42: =IF(OR($B42="",$D42="",$E42=""),"",IF(OR($C42="Target state",$C42="Exception"),"Out of scope",IF($D42="Low","No tranche",IF($E42="Low","Tranche 1",IF($E42="Medium","Tranche 2",IF($D42="High","Tranche 3","No tranche")))))) | I42: Benefits | J42: High | K42: ="Tranche 1"&CHAR(10)&_xlfn.TEXTJOIN(CHAR(10),TRUE,O$42:O$51) | L42: ="Tranche 2"&CHAR(10)&_xlfn.TEXTJOIN(CHAR(10),TRUE,P$42:P$51) | M42: ="Tranche 3"&CHAR(10)&_xlfn.TEXTJOIN(CHAR(10),TRUE,Q$42:Q$51) | O42: =IF(AND($B42<>"",$C42<>"Target state",$C42<>"Exception",$D42="High",$E42="Low"),$A42&" "&$B42,"") | P42: =IF(AND($B42<>"",$C42<>"Target state",$C42<>"Exception",$D42="High",$E42="Medium"),$A42&" "&$B42,"") | Q42: =IF(AND($B42<>"",$C42<>"Target state",$C42<>"Exception",$D42="High",$E42="High"),$A42&" "&$B42,"") | R42: =IF(AND($B42<>"",$C42<>"Target state",$C42<>"Exception",$D42="Medium",$E42="Low"),$A42&" "&$B42,"") | S42: =IF(AND($B42<>"",$C42<>"Target state",$C42<>"Exception",$D42="Medium",$E42="Medium"),$A42&" "&$B42,"") | T42: =IF(AND($B42<>"",$C42<>"Target state",$C42<>"Exception",$D42="Medium",$E42="High"),$A42&" "&$B42,"") | U42: =IF(AND($B42<>"",$C42<>"Target state",$C42<>"Exception",$D42="Low",$E42="Low"),$A42&" "&$B42,"") | V42: =IF(AND($B42<>"",$C42<>"Target state",$C42<>"Exception",$D42="Low",$E42="Medium"),$A42&" "&$B42,"") | W42: =IF(AND($B42<>"",$C42<>"Target state",$C42<>"Exception",$D42="Low",$E42="High"),$A42&" "&$B42,"")
A43: ② | G43: =IF(OR($B43="",$D43="",$E43=""),"",IF(OR($C43="Target state",$C43="Exception"),"Out of scope",IF($D43="Low","No tranche",IF($E43="Low","Tranche 1",IF($E43="Medium","Tranche 2",IF($D43="High","Tranche 3","No tranche")))))) | O43: =IF(AND($B43<>"",$C43<>"Target state",$C43<>"Exception",$D43="High",$E43="Low"),$A43&" "&$B43,"") | P43: =IF(AND($B43<>"",$C43<>"Target state",$C43<>"Exception",$D43="High",$E43="Medium"),$A43&" "&$B43,"") | Q43: =IF(AND($B43<>"",$C43<>"Target state",$C43<>"Exception",$D43="High",$E43="High"),$A43&" "&$B43,"") | R43: =IF(AND($B43<>"",$C43<>"Target state",$C43<>"Exception",$D43="Medium",$E43="Low"),$A43&" "&$B43,"") | S43: =IF(AND($B43<>"",$C43<>"Target state",$C43<>"Exception",$D43="Medium",$E43="Medium"),$A43&" "&$B43,"") | T43: =IF(AND($B43<>"",$C43<>"Target state",$C43<>"Exception",$D43="Medium",$E43="High"),$A43&" "&$B43,"") | U43: =IF(AND($B43<>"",$C43<>"Target state",$C43<>"Exception",$D43="Low",$E43="Low"),$A43&" "&$B43,"") | V43: =IF(AND($B43<>"",$C43<>"Target state",$C43<>"Exception",$D43="Low",$E43="Medium"),$A43&" "&$B43,"") | W43: =IF(AND($B43<>"",$C43<>"Target state",$C43<>"Exception",$D43="Low",$E43="High"),$A43&" "&$B43,"")
A44: ③ | G44: =IF(OR($B44="",$D44="",$E44=""),"",IF(OR($C44="Target state",$C44="Exception"),"Out of scope",IF($D44="Low","No tranche",IF($E44="Low","Tranche 1",IF($E44="Medium","Tranche 2",IF($D44="High","Tranche 3","No tranche")))))) | O44: =IF(AND($B44<>"",$C44<>"Target state",$C44<>"Exception",$D44="High",$E44="Low"),$A44&" "&$B44,"") | P44: =IF(AND($B44<>"",$C44<>"Target state",$C44<>"Exception",$D44="High",$E44="Medium"),$A44&" "&$B44,"") | Q44: =IF(AND($B44<>"",$C44<>"Target state",$C44<>"Exception",$D44="High",$E44="High"),$A44&" "&$B44,"") | R44: =IF(AND($B44<>"",$C44<>"Target state",$C44<>"Exception",$D44="Medium",$E44="Low"),$A44&" "&$B44,"") | S44: =IF(AND($B44<>"",$C44<>"Target state",$C44<>"Exception",$D44="Medium",$E44="Medium"),$A44&" "&$B44,"") | T44: =IF(AND($B44<>"",$C44<>"Target state",$C44<>"Exception",$D44="Medium",$E44="High"),$A44&" "&$B44,"") | U44: =IF(AND($B44<>"",$C44<>"Target state",$C44<>"Exception",$D44="Low",$E44="Low"),$A44&" "&$B44,"") | V44: =IF(AND($B44<>"",$C44<>"Target state",$C44<>"Exception",$D44="Low",$E44="Medium"),$A44&" "&$B44,"") | W44: =IF(AND($B44<>"",$C44<>"Target state",$C44<>"Exception",$D44="Low",$E44="High"),$A44&" "&$B44,"")
A45: ④ | G45: =IF(OR($B45="",$D45="",$E45=""),"",IF(OR($C45="Target state",$C45="Exception"),"Out of scope",IF($D45="Low","No tranche",IF($E45="Low","Tranche 1",IF($E45="Medium","Tranche 2",IF($D45="High","Tranche 3","No tranche")))))) | J45: Medium | K45: ="Tranche 1"&CHAR(10)&_xlfn.TEXTJOIN(CHAR(10),TRUE,R$42:R$51) | L45: ="Tranche 2"&CHAR(10)&_xlfn.TEXTJOIN(CHAR(10),TRUE,S$42:S$51) | M45: =_xlfn.TEXTJOIN(CHAR(10),TRUE,T$42:T$51) | O45: =IF(AND($B45<>"",$C45<>"Target state",$C45<>"Exception",$D45="High",$E45="Low"),$A45&" "&$B45,"") | P45: =IF(AND($B45<>"",$C45<>"Target state",$C45<>"Exception",$D45="High",$E45="Medium"),$A45&" "&$B45,"") | Q45: =IF(AND($B45<>"",$C45<>"Target state",$C45<>"Exception",$D45="High",$E45="High"),$A45&" "&$B45,"") | R45: =IF(AND($B45<>"",$C45<>"Target state",$C45<>"Exception",$D45="Medium",$E45="Low"),$A45&" "&$B45,"") | S45: =IF(AND($B45<>"",$C45<>"Target state",$C45<>"Exception",$D45="Medium",$E45="Medium"),$A45&" "&$B45,"") | T45: =IF(AND($B45<>"",$C45<>"Target state",$C45<>"Exception",$D45="Medium",$E45="High"),$A45&" "&$B45,"") | U45: =IF(AND($B45<>"",$C45<>"Target state",$C45<>"Exception",$D45="Low",$E45="Low"),$A45&" "&$B45,"") | V45: =IF(AND($B45<>"",$C45<>"Target state",$C45<>"Exception",$D45="Low",$E45="Medium"),$A45&" "&$B45,"") | W45: =IF(AND($B45<>"",$C45<>"Target state",$C45<>"Exception",$D45="Low",$E45="High"),$A45&" "&$B45,"")
A46: ⑤ | G46: =IF(OR($B46="",$D46="",$E46=""),"",IF(OR($C46="Target state",$C46="Exception"),"Out of scope",IF($D46="Low","No tranche",IF($E46="Low","Tranche 1",IF($E46="Medium","Tranche 2",IF($D46="High","Tranche 3","No tranche")))))) | O46: =IF(AND($B46<>"",$C46<>"Target state",$C46<>"Exception",$D46="High",$E46="Low"),$A46&" "&$B46,"") | P46: =IF(AND($B46<>"",$C46<>"Target state",$C46<>"Exception",$D46="High",$E46="Medium"),$A46&" "&$B46,"") | Q46: =IF(AND($B46<>"",$C46<>"Target state",$C46<>"Exception",$D46="High",$E46="High"),$A46&" "&$B46,"") | R46: =IF(AND($B46<>"",$C46<>"Target state",$C46<>"Exception",$D46="Medium",$E46="Low"),$A46&" "&$B46,"") | S46: =IF(AND($B46<>"",$C46<>"Target state",$C46<>"Exception",$D46="Medium",$E46="Medium"),$A46&" "&$B46,"") | T46: =IF(AND($B46<>"",$C46<>"Target state",$C46<>"Exception",$D46="Medium",$E46="High"),$A46&" "&$B46,"") | U46: =IF(AND($B46<>"",$C46<>"Target state",$C46<>"Exception",$D46="Low",$E46="Low"),$A46&" "&$B46,"") | V46: =IF(AND($B46<>"",$C46<>"Target state",$C46<>"Exception",$D46="Low",$E46="Medium"),$A46&" "&$B46,"") | W46: =IF(AND($B46<>"",$C46<>"Target state",$C46<>"Exception",$D46="Low",$E46="High"),$A46&" "&$B46,"")
A47: ⑥ | G47: =IF(OR($B47="",$D47="",$E47=""),"",IF(OR($C47="Target state",$C47="Exception"),"Out of scope",IF($D47="Low","No tranche",IF($E47="Low","Tranche 1",IF($E47="Medium","Tranche 2",IF($D47="High","Tranche 3","No tranche")))))) | O47: =IF(AND($B47<>"",$C47<>"Target state",$C47<>"Exception",$D47="High",$E47="Low"),$A47&" "&$B47,"") | P47: =IF(AND($B47<>"",$C47<>"Target state",$C47<>"Exception",$D47="High",$E47="Medium"),$A47&" "&$B47,"") | Q47: =IF(AND($B47<>"",$C47<>"Target state",$C47<>"Exception",$D47="High",$E47="High"),$A47&" "&$B47,"") | R47: =IF(AND($B47<>"",$C47<>"Target state",$C47<>"Exception",$D47="Medium",$E47="Low"),$A47&" "&$B47,"") | S47: =IF(AND($B47<>"",$C47<>"Target state",$C47<>"Exception",$D47="Medium",$E47="Medium"),$A47&" "&$B47,"") | T47: =IF(AND($B47<>"",$C47<>"Target state",$C47<>"Exception",$D47="Medium",$E47="High"),$A47&" "&$B47,"") | U47: =IF(AND($B47<>"",$C47<>"Target state",$C47<>"Exception",$D47="Low",$E47="Low"),$A47&" "&$B47,"") | V47: =IF(AND($B47<>"",$C47<>"Target state",$C47<>"Exception",$D47="Low",$E47="Medium"),$A47&" "&$B47,"") | W47: =IF(AND($B47<>"",$C47<>"Target state",$C47<>"Exception",$D47="Low",$E47="High"),$A47&" "&$B47,"")
A48: ⑦ | G48: =IF(OR($B48="",$D48="",$E48=""),"",IF(OR($C48="Target state",$C48="Exception"),"Out of scope",IF($D48="Low","No tranche",IF($E48="Low","Tranche 1",IF($E48="Medium","Tranche 2",IF($D48="High","Tranche 3","No tranche")))))) | J48: Low | K48: =_xlfn.TEXTJOIN(CHAR(10),TRUE,U$42:U$51) | L48: =_xlfn.TEXTJOIN(CHAR(10),TRUE,V$42:V$51) | M48: =_xlfn.TEXTJOIN(CHAR(10),TRUE,W$42:W$51) | O48: =IF(AND($B48<>"",$C48<>"Target state",$C48<>"Exception",$D48="High",$E48="Low"),$A48&" "&$B48,"") | P48: =IF(AND($B48<>"",$C48<>"Target state",$C48<>"Exception",$D48="High",$E48="Medium"),$A48&" "&$B48,"") | Q48: =IF(AND($B48<>"",$C48<>"Target state",$C48<>"Exception",$D48="High",$E48="High"),$A48&" "&$B48,"") | R48: =IF(AND($B48<>"",$C48<>"Target state",$C48<>"Exception",$D48="Medium",$E48="Low"),$A48&" "&$B48,"") | S48: =IF(AND($B48<>"",$C48<>"Target state",$C48<>"Exception",$D48="Medium",$E48="Medium"),$A48&" "&$B48,"") | T48: =IF(AND($B48<>"",$C48<>"Target state",$C48<>"Exception",$D48="Medium",$E48="High"),$A48&" "&$B48,"") | U48: =IF(AND($B48<>"",$C48<>"Target state",$C48<>"Exception",$D48="Low",$E48="Low"),$A48&" "&$B48,"") | V48: =IF(AND($B48<>"",$C48<>"Target state",$C48<>"Exception",$D48="Low",$E48="Medium"),$A48&" "&$B48,"") | W48: =IF(AND($B48<>"",$C48<>"Target state",$C48<>"Exception",$D48="Low",$E48="High"),$A48&" "&$B48,"")
A49: ⑧ | G49: =IF(OR($B49="",$D49="",$E49=""),"",IF(OR($C49="Target state",$C49="Exception"),"Out of scope",IF($D49="Low","No tranche",IF($E49="Low","Tranche 1",IF($E49="Medium","Tranche 2",IF($D49="High","Tranche 3","No tranche")))))) | O49: =IF(AND($B49<>"",$C49<>"Target state",$C49<>"Exception",$D49="High",$E49="Low"),$A49&" "&$B49,"") | P49: =IF(AND($B49<>"",$C49<>"Target state",$C49<>"Exception",$D49="High",$E49="Medium"),$A49&" "&$B49,"") | Q49: =IF(AND($B49<>"",$C49<>"Target state",$C49<>"Exception",$D49="High",$E49="High"),$A49&" "&$B49,"") | R49: =IF(AND($B49<>"",$C49<>"Target state",$C49<>"Exception",$D49="Medium",$E49="Low"),$A49&" "&$B49,"") | S49: =IF(AND($B49<>"",$C49<>"Target state",$C49<>"Exception",$D49="Medium",$E49="Medium"),$A49&" "&$B49,"") | T49: =IF(AND($B49<>"",$C49<>"Target state",$C49<>"Exception",$D49="Medium",$E49="High"),$A49&" "&$B49,"") | U49: =IF(AND($B49<>"",$C49<>"Target state",$C49<>"Exception",$D49="Low",$E49="Low"),$A49&" "&$B49,"") | V49: =IF(AND($B49<>"",$C49<>"Target state",$C49<>"Exception",$D49="Low",$E49="Medium"),$A49&" "&$B49,"") | W49: =IF(AND($B49<>"",$C49<>"Target state",$C49<>"Exception",$D49="Low",$E49="High"),$A49&" "&$B49,"")
A50: ⑨ | G50: =IF(OR($B50="",$D50="",$E50=""),"",IF(OR($C50="Target state",$C50="Exception"),"Out of scope",IF($D50="Low","No tranche",IF($E50="Low","Tranche 1",IF($E50="Medium","Tranche 2",IF($D50="High","Tranche 3","No tranche")))))) | O50: =IF(AND($B50<>"",$C50<>"Target state",$C50<>"Exception",$D50="High",$E50="Low"),$A50&" "&$B50,"") | P50: =IF(AND($B50<>"",$C50<>"Target state",$C50<>"Exception",$D50="High",$E50="Medium"),$A50&" "&$B50,"") | Q50: =IF(AND($B50<>"",$C50<>"Target state",$C50<>"Exception",$D50="High",$E50="High"),$A50&" "&$B50,"") | R50: =IF(AND($B50<>"",$C50<>"Target state",$C50<>"Exception",$D50="Medium",$E50="Low"),$A50&" "&$B50,"") | S50: =IF(AND($B50<>"",$C50<>"Target state",$C50<>"Exception",$D50="Medium",$E50="Medium"),$A50&" "&$B50,"") | T50: =IF(AND($B50<>"",$C50<>"Target state",$C50<>"Exception",$D50="Medium",$E50="High"),$A50&" "&$B50,"") | U50: =IF(AND($B50<>"",$C50<>"Target state",$C50<>"Exception",$D50="Low",$E50="Low"),$A50&" "&$B50,"") | V50: =IF(AND($B50<>"",$C50<>"Target state",$C50<>"Exception",$D50="Low",$E50="Medium"),$A50&" "&$B50,"") | W50: =IF(AND($B50<>"",$C50<>"Target state",$C50<>"Exception",$D50="Low",$E50="High"),$A50&" "&$B50,"")
A51: ⑩ | G51: =IF(OR($B51="",$D51="",$E51=""),"",IF(OR($C51="Target state",$C51="Exception"),"Out of scope",IF($D51="Low","No tranche",IF($E51="Low","Tranche 1",IF($E51="Medium","Tranche 2",IF($D51="High","Tranche 3","No tranche")))))) | K51: Complexity | O51: =IF(AND($B51<>"",$C51<>"Target state",$C51<>"Exception",$D51="High",$E51="Low"),$A51&" "&$B51,"") | P51: =IF(AND($B51<>"",$C51<>"Target state",$C51<>"Exception",$D51="High",$E51="Medium"),$A51&" "&$B51,"") | Q51: =IF(AND($B51<>"",$C51<>"Target state",$C51<>"Exception",$D51="High",$E51="High"),$A51&" "&$B51,"") | R51: =IF(AND($B51<>"",$C51<>"Target state",$C51<>"Exception",$D51="Medium",$E51="Low"),$A51&" "&$B51,"") | S51: =IF(AND($B51<>"",$C51<>"Target state",$C51<>"Exception",$D51="Medium",$E51="Medium"),$A51&" "&$B51,"") | T51: =IF(AND($B51<>"",$C51<>"Target state",$C51<>"Exception",$D51="Medium",$E51="High"),$A51&" "&$B51,"") | U51: =IF(AND($B51<>"",$C51<>"Target state",$C51<>"Exception",$D51="Low",$E51="Low"),$A51&" "&$B51,"") | V51: =IF(AND($B51<>"",$C51<>"Target state",$C51<>"Exception",$D51="Low",$E51="Medium"),$A51&" "&$B51,"") | W51: =IF(AND($B51<>"",$C51<>"Target state",$C51<>"Exception",$D51="Low",$E51="High"),$A51&" "&$B51,"")
A54: Integration & Messaging | G54: =HYPERLINK("#'Boarding'!A4","▲ tracker") | K54: Assessment Outcome
A55: # | B55: Platform | C55: State | D55: Imperative to exit | E55: Exit complexity | F55: Supporting facts | G55: Tranche (auto) | K55: Low | L55: Medium | M55: High
A56: ① | G56: =IF(OR($B56="",$D56="",$E56=""),"",IF(OR($C56="Target state",$C56="Exception"),"Out of scope",IF($D56="Low","No tranche",IF($E56="Low","Tranche 1",IF($E56="Medium","Tranche 2",IF($D56="High","Tranche 3","No tranche")))))) | I56: Benefits | J56: High | K56: ="Tranche 1"&CHAR(10)&_xlfn.TEXTJOIN(CHAR(10),TRUE,O$56:O$65) | L56: ="Tranche 2"&CHAR(10)&_xlfn.TEXTJOIN(CHAR(10),TRUE,P$56:P$65) | M56: ="Tranche 3"&CHAR(10)&_xlfn.TEXTJOIN(CHAR(10),TRUE,Q$56:Q$65) | O56: =IF(AND($B56<>"",$C56<>"Target state",$C56<>"Exception",$D56="High",$E56="Low"),$A56&" "&$B56,"") | P56: =IF(AND($B56<>"",$C56<>"Target state",$C56<>"Exception",$D56="High",$E56="Medium"),$A56&" "&$B56,"") | Q56: =IF(AND($B56<>"",$C56<>"Target state",$C56<>"Exception",$D56="High",$E56="High"),$A56&" "&$B56,"") | R56: =IF(AND($B56<>"",$C56<>"Target state",$C56<>"Exception",$D56="Medium",$E56="Low"),$A56&" "&$B56,"") | S56: =IF(AND($B56<>"",$C56<>"Target state",$C56<>"Exception",$D56="Medium",$E56="Medium"),$A56&" "&$B56,"") | T56: =IF(AND($B56<>"",$C56<>"Target state",$C56<>"Exception",$D56="Medium",$E56="High"),$A56&" "&$B56,"") | U56: =IF(AND($B56<>"",$C56<>"Target state",$C56<>"Exception",$D56="Low",$E56="Low"),$A56&" "&$B56,"") | V56: =IF(AND($B56<>"",$C56<>"Target state",$C56<>"Exception",$D56="Low",$E56="Medium"),$A56&" "&$B56,"") | W56: =IF(AND($B56<>"",$C56<>"Target state",$C56<>"Exception",$D56="Low",$E56="High"),$A56&" "&$B56,"")
A57: ② | G57: =IF(OR($B57="",$D57="",$E57=""),"",IF(OR($C57="Target state",$C57="Exception"),"Out of scope",IF($D57="Low","No tranche",IF($E57="Low","Tranche 1",IF($E57="Medium","Tranche 2",IF($D57="High","Tranche 3","No tranche")))))) | O57: =IF(AND($B57<>"",$C57<>"Target state",$C57<>"Exception",$D57="High",$E57="Low"),$A57&" "&$B57,"") | P57: =IF(AND($B57<>"",$C57<>"Target state",$C57<>"Exception",$D57="High",$E57="Medium"),$A57&" "&$B57,"") | Q57: =IF(AND($B57<>"",$C57<>"Target state",$C57<>"Exception",$D57="High",$E57="High"),$A57&" "&$B57,"") | R57: =IF(AND($B57<>"",$C57<>"Target state",$C57<>"Exception",$D57="Medium",$E57="Low"),$A57&" "&$B57,"") | S57: =IF(AND($B57<>"",$C57<>"Target state",$C57<>"Exception",$D57="Medium",$E57="Medium"),$A57&" "&$B57,"") | T57: =IF(AND($B57<>"",$C57<>"Target state",$C57<>"Exception",$D57="Medium",$E57="High"),$A57&" "&$B57,"") | U57: =IF(AND($B57<>"",$C57<>"Target state",$C57<>"Exception",$D57="Low",$E57="Low"),$A57&" "&$B57,"") | V57: =IF(AND($B57<>"",$C57<>"Target state",$C57<>"Exception",$D57="Low",$E57="Medium"),$A57&" "&$B57,"") | W57: =IF(AND($B57<>"",$C57<>"Target state",$C57<>"Exception",$D57="Low",$E57="High"),$A57&" "&$B57,"")
A58: ③ | G58: =IF(OR($B58="",$D58="",$E58=""),"",IF(OR($C58="Target state",$C58="Exception"),"Out of scope",IF($D58="Low","No tranche",IF($E58="Low","Tranche 1",IF($E58="Medium","Tranche 2",IF($D58="High","Tranche 3","No tranche")))))) | O58: =IF(AND($B58<>"",$C58<>"Target state",$C58<>"Exception",$D58="High",$E58="Low"),$A58&" "&$B58,"") | P58: =IF(AND($B58<>"",$C58<>"Target state",$C58<>"Exception",$D58="High",$E58="Medium"),$A58&" "&$B58,"") | Q58: =IF(AND($B58<>"",$C58<>"Target state",$C58<>"Exception",$D58="High",$E58="High"),$A58&" "&$B58,"") | R58: =IF(AND($B58<>"",$C58<>"Target state",$C58<>"Exception",$D58="Medium",$E58="Low"),$A58&" "&$B58,"") | S58: =IF(AND($B58<>"",$C58<>"Target state",$C58<>"Exception",$D58="Medium",$E58="Medium"),$A58&" "&$B58,"") | T58: =IF(AND($B58<>"",$C58<>"Target state",$C58<>"Exception",$D58="Medium",$E58="High"),$A58&" "&$B58,"") | U58: =IF(AND($B58<>"",$C58<>"Target state",$C58<>"Exception",$D58="Low",$E58="Low"),$A58&" "&$B58,"") | V58: =IF(AND($B58<>"",$C58<>"Target state",$C58<>"Exception",$D58="Low",$E58="Medium"),$A58&" "&$B58,"") | W58: =IF(AND($B58<>"",$C58<>"Target state",$C58<>"Exception",$D58="Low",$E58="High"),$A58&" "&$B58,"")
A59: ④ | G59: =IF(OR($B59="",$D59="",$E59=""),"",IF(OR($C59="Target state",$C59="Exception"),"Out of scope",IF($D59="Low","No tranche",IF($E59="Low","Tranche 1",IF($E59="Medium","Tranche 2",IF($D59="High","Tranche 3","No tranche")))))) | J59: Medium | K59: ="Tranche 1"&CHAR(10)&_xlfn.TEXTJOIN(CHAR(10),TRUE,R$56:R$65) | L59: ="Tranche 2"&CHAR(10)&_xlfn.TEXTJOIN(CHAR(10),TRUE,S$56:S$65) | M59: =_xlfn.TEXTJOIN(CHAR(10),TRUE,T$56:T$65) | O59: =IF(AND($B59<>"",$C59<>"Target state",$C59<>"Exception",$D59="High",$E59="Low"),$A59&" "&$B59,"") | P59: =IF(AND($B59<>"",$C59<>"Target state",$C59<>"Exception",$D59="High",$E59="Medium"),$A59&" "&$B59,"") | Q59: =IF(AND($B59<>"",$C59<>"Target state",$C59<>"Exception",$D59="High",$E59="High"),$A59&" "&$B59,"") | R59: =IF(AND($B59<>"",$C59<>"Target state",$C59<>"Exception",$D59="Medium",$E59="Low"),$A59&" "&$B59,"") | S59: =IF(AND($B59<>"",$C59<>"Target state",$C59<>"Exception",$D59="Medium",$E59="Medium"),$A59&" "&$B59,"") | T59: =IF(AND($B59<>"",$C59<>"Target state",$C59<>"Exception",$D59="Medium",$E59="High"),$A59&" "&$B59,"") | U59: =IF(AND($B59<>"",$C59<>"Target state",$C59<>"Exception",$D59="Low",$E59="Low"),$A59&" "&$B59,"") | V59: =IF(AND($B59<>"",$C59<>"Target state",$C59<>"Exception",$D59="Low",$E59="Medium"),$A59&" "&$B59,"") | W59: =IF(AND($B59<>"",$C59<>"Target state",$C59<>"Exception",$D59="Low",$E59="High"),$A59&" "&$B59,"")
A60: ⑤ | G60: =IF(OR($B60="",$D60="",$E60=""),"",IF(OR($C60="Target state",$C60="Exception"),"Out of scope",IF($D60="Low","No tranche",IF($E60="Low","Tranche 1",IF($E60="Medium","Tranche 2",IF($D60="High","Tranche 3","No tranche")))))) | O60: =IF(AND($B60<>"",$C60<>"Target state",$C60<>"Exception",$D60="High",$E60="Low"),$A60&" "&$B60,"") | P60: =IF(AND($B60<>"",$C60<>"Target state",$C60<>"Exception",$D60="High",$E60="Medium"),$A60&" "&$B60,"") | Q60: =IF(AND($B60<>"",$C60<>"Target state",$C60<>"Exception",$D60="High",$E60="High"),$A60&" "&$B60,"") | R60: =IF(AND($B60<>"",$C60<>"Target state",$C60<>"Exception",$D60="Medium",$E60="Low"),$A60&" "&$B60,"") | S60: =IF(AND($B60<>"",$C60<>"Target state",$C60<>"Exception",$D60="Medium",$E60="Medium"),$A60&" "&$B60,"") | T60: =IF(AND($B60<>"",$C60<>"Target state",$C60<>"Exception",$D60="Medium",$E60="High"),$A60&" "&$B60,"") | U60: =IF(AND($B60<>"",$C60<>"Target state",$C60<>"Exception",$D60="Low",$E60="Low"),$A60&" "&$B60,"") | V60: =IF(AND($B60<>"",$C60<>"Target state",$C60<>"Exception",$D60="Low",$E60="Medium"),$A60&" "&$B60,"") | W60: =IF(AND($B60<>"",$C60<>"Target state",$C60<>"Exception",$D60="Low",$E60="High"),$A60&" "&$B60,"")
A61: ⑥ | G61: =IF(OR($B61="",$D61="",$E61=""),"",IF(OR($C61="Target state",$C61="Exception"),"Out of scope",IF($D61="Low","No tranche",IF($E61="Low","Tranche 1",IF($E61="Medium","Tranche 2",IF($D61="High","Tranche 3","No tranche")))))) | O61: =IF(AND($B61<>"",$C61<>"Target state",$C61<>"Exception",$D61="High",$E61="Low"),$A61&" "&$B61,"") | P61: =IF(AND($B61<>"",$C61<>"Target state",$C61<>"Exception",$D61="High",$E61="Medium"),$A61&" "&$B61,"") | Q61: =IF(AND($B61<>"",$C61<>"Target state",$C61<>"Exception",$D61="High",$E61="High"),$A61&" "&$B61,"") | R61: =IF(AND($B61<>"",$C61<>"Target state",$C61<>"Exception",$D61="Medium",$E61="Low"),$A61&" "&$B61,"") | S61: =IF(AND($B61<>"",$C61<>"Target state",$C61<>"Exception",$D61="Medium",$E61="Medium"),$A61&" "&$B61,"") | T61: =IF(AND($B61<>"",$C61<>"Target state",$C61<>"Exception",$D61="Medium",$E61="High"),$A61&" "&$B61,"") | U61: =IF(AND($B61<>"",$C61<>"Target state",$C61<>"Exception",$D61="Low",$E61="Low"),$A61&" "&$B61,"") | V61: =IF(AND($B61<>"",$C61<>"Target state",$C61<>"Exception",$D61="Low",$E61="Medium"),$A61&" "&$B61,"") | W61: =IF(AND($B61<>"",$C61<>"Target state",$C61<>"Exception",$D61="Low",$E61="High"),$A61&" "&$B61,"")
A62: ⑦ | G62: =IF(OR($B62="",$D62="",$E62=""),"",IF(OR($C62="Target state",$C62="Exception"),"Out of scope",IF($D62="Low","No tranche",IF($E62="Low","Tranche 1",IF($E62="Medium","Tranche 2",IF($D62="High","Tranche 3","No tranche")))))) | J62: Low | K62: =_xlfn.TEXTJOIN(CHAR(10),TRUE,U$56:U$65) | L62: =_xlfn.TEXTJOIN(CHAR(10),TRUE,V$56:V$65) | M62: =_xlfn.TEXTJOIN(CHAR(10),TRUE,W$56:W$65) | O62: =IF(AND($B62<>"",$C62<>"Target state",$C62<>"Exception",$D62="High",$E62="Low"),$A62&" "&$B62,"") | P62: =IF(AND($B62<>"",$C62<>"Target state",$C62<>"Exception",$D62="High",$E62="Medium"),$A62&" "&$B62,"") | Q62: =IF(AND($B62<>"",$C62<>"Target state",$C62<>"Exception",$D62="High",$E62="High"),$A62&" "&$B62,"") | R62: =IF(AND($B62<>"",$C62<>"Target state",$C62<>"Exception",$D62="Medium",$E62="Low"),$A62&" "&$B62,"") | S62: =IF(AND($B62<>"",$C62<>"Target state",$C62<>"Exception",$D62="Medium",$E62="Medium"),$A62&" "&$B62,"") | T62: =IF(AND($B62<>"",$C62<>"Target state",$C62<>"Exception",$D62="Medium",$E62="High"),$A62&" "&$B62,"") | U62: =IF(AND($B62<>"",$C62<>"Target state",$C62<>"Exception",$D62="Low",$E62="Low"),$A62&" "&$B62,"") | V62: =IF(AND($B62<>"",$C62<>"Target state",$C62<>"Exception",$D62="Low",$E62="Medium"),$A62&" "&$B62,"") | W62: =IF(AND($B62<>"",$C62<>"Target state",$C62<>"Exception",$D62="Low",$E62="High"),$A62&" "&$B62,"")
A63: ⑧ | G63: =IF(OR($B63="",$D63="",$E63=""),"",IF(OR($C63="Target state",$C63="Exception"),"Out of scope",IF($D63="Low","No tranche",IF($E63="Low","Tranche 1",IF($E63="Medium","Tranche 2",IF($D63="High","Tranche 3","No tranche")))))) | O63: =IF(AND($B63<>"",$C63<>"Target state",$C63<>"Exception",$D63="High",$E63="Low"),$A63&" "&$B63,"") | P63: =IF(AND($B63<>"",$C63<>"Target state",$C63<>"Exception",$D63="High",$E63="Medium"),$A63&" "&$B63,"") | Q63: =IF(AND($B63<>"",$C63<>"Target state",$C63<>"Exception",$D63="High",$E63="High"),$A63&" "&$B63,"") | R63: =IF(AND($B63<>"",$C63<>"Target state",$C63<>"Exception",$D63="Medium",$E63="Low"),$A63&" "&$B63,"") | S63: =IF(AND($B63<>"",$C63<>"Target state",$C63<>"Exception",$D63="Medium",$E63="Medium"),$A63&" "&$B63,"") | T63: =IF(AND($B63<>"",$C63<>"Target state",$C63<>"Exception",$D63="Medium",$E63="High"),$A63&" "&$B63,"") | U63: =IF(AND($B63<>"",$C63<>"Target state",$C63<>"Exception",$D63="Low",$E63="Low"),$A63&" "&$B63,"") | V63: =IF(AND($B63<>"",$C63<>"Target state",$C63<>"Exception",$D63="Low",$E63="Medium"),$A63&" "&$B63,"") | W63: =IF(AND($B63<>"",$C63<>"Target state",$C63<>"Exception",$D63="Low",$E63="High"),$A63&" "&$B63,"")
A64: ⑨ | G64: =IF(OR($B64="",$D64="",$E64=""),"",IF(OR($C64="Target state",$C64="Exception"),"Out of scope",IF($D64="Low","No tranche",IF($E64="Low","Tranche 1",IF($E64="Medium","Tranche 2",IF($D64="High","Tranche 3","No tranche")))))) | O64: =IF(AND($B64<>"",$C64<>"Target state",$C64<>"Exception",$D64="High",$E64="Low"),$A64&" "&$B64,"") | P64: =IF(AND($B64<>"",$C64<>"Target state",$C64<>"Exception",$D64="High",$E64="Medium"),$A64&" "&$B64,"") | Q64: =IF(AND($B64<>"",$C64<>"Target state",$C64<>"Exception",$D64="High",$E64="High"),$A64&" "&$B64,"") | R64: =IF(AND($B64<>"",$C64<>"Target state",$C64<>"Exception",$D64="Medium",$E64="Low"),$A64&" "&$B64,"") | S64: =IF(AND($B64<>"",$C64<>"Target state",$C64<>"Exception",$D64="Medium",$E64="Medium"),$A64&" "&$B64,"") | T64: =IF(AND($B64<>"",$C64<>"Target state",$C64<>"Exception",$D64="Medium",$E64="High"),$A64&" "&$B64,"") | U64: =IF(AND($B64<>"",$C64<>"Target state",$C64<>"Exception",$D64="Low",$E64="Low"),$A64&" "&$B64,"") | V64: =IF(AND($B64<>"",$C64<>"Target state",$C64<>"Exception",$D64="Low",$E64="Medium"),$A64&" "&$B64,"") | W64: =IF(AND($B64<>"",$C64<>"Target state",$C64<>"Exception",$D64="Low",$E64="High"),$A64&" "&$B64,"")
A65: ⑩ | G65: =IF(OR($B65="",$D65="",$E65=""),"",IF(OR($C65="Target state",$C65="Exception"),"Out of scope",IF($D65="Low","No tranche",IF($E65="Low","Tranche 1",IF($E65="Medium","Tranche 2",IF($D65="High","Tranche 3","No tranche")))))) | K65: Complexity | O65: =IF(AND($B65<>"",$C65<>"Target state",$C65<>"Exception",$D65="High",$E65="Low"),$A65&" "&$B65,"") | P65: =IF(AND($B65<>"",$C65<>"Target state",$C65<>"Exception",$D65="High",$E65="Medium"),$A65&" "&$B65,"") | Q65: =IF(AND($B65<>"",$C65<>"Target state",$C65<>"Exception",$D65="High",$E65="High"),$A65&" "&$B65,"") | R65: =IF(AND($B65<>"",$C65<>"Target state",$C65<>"Exception",$D65="Medium",$E65="Low"),$A65&" "&$B65,"") | S65: =IF(AND($B65<>"",$C65<>"Target state",$C65<>"Exception",$D65="Medium",$E65="Medium"),$A65&" "&$B65,"") | T65: =IF(AND($B65<>"",$C65<>"Target state",$C65<>"Exception",$D65="Medium",$E65="High"),$A65&" "&$B65,"") | U65: =IF(AND($B65<>"",$C65<>"Target state",$C65<>"Exception",$D65="Low",$E65="Low"),$A65&" "&$B65,"") | V65: =IF(AND($B65<>"",$C65<>"Target state",$C65<>"Exception",$D65="Low",$E65="Medium"),$A65&" "&$B65,"") | W65: =IF(AND($B65<>"",$C65<>"Target state",$C65<>"Exception",$D65="Low",$E65="High"),$A65&" "&$B65,"")
A68: Credit & Underwriting | G68: =HYPERLINK("#'Boarding'!A4","▲ tracker") | K68: Assessment Outcome
A69: # | B69: Platform | C69: State | D69: Imperative to exit | E69: Exit complexity | F69: Supporting facts | G69: Tranche (auto) | K69: Low | L69: Medium | M69: High
A70: ① | G70: =IF(OR($B70="",$D70="",$E70=""),"",IF(OR($C70="Target state",$C70="Exception"),"Out of scope",IF($D70="Low","No tranche",IF($E70="Low","Tranche 1",IF($E70="Medium","Tranche 2",IF($D70="High","Tranche 3","No tranche")))))) | I70: Benefits | J70: High | K70: ="Tranche 1"&CHAR(10)&_xlfn.TEXTJOIN(CHAR(10),TRUE,O$70:O$79) | L70: ="Tranche 2"&CHAR(10)&_xlfn.TEXTJOIN(CHAR(10),TRUE,P$70:P$79) | M70: ="Tranche 3"&CHAR(10)&_xlfn.TEXTJOIN(CHAR(10),TRUE,Q$70:Q$79) | O70: =IF(AND($B70<>"",$C70<>"Target state",$C70<>"Exception",$D70="High",$E70="Low"),$A70&" "&$B70,"") | P70: =IF(AND($B70<>"",$C70<>"Target state",$C70<>"Exception",$D70="High",$E70="Medium"),$A70&" "&$B70,"") | Q70: =IF(AND($B70<>"",$C70<>"Target state",$C70<>"Exception",$D70="High",$E70="High"),$A70&" "&$B70,"") | R70: =IF(AND($B70<>"",$C70<>"Target state",$C70<>"Exception",$D70="Medium",$E70="Low"),$A70&" "&$B70,"") | S70: =IF(AND($B70<>"",$C70<>"Target state",$C70<>"Exception",$D70="Medium",$E70="Medium"),$A70&" "&$B70,"") | T70: =IF(AND($B70<>"",$C70<>"Target state",$C70<>"Exception",$D70="Medium",$E70="High"),$A70&" "&$B70,"") | U70: =IF(AND($B70<>"",$C70<>"Target state",$C70<>"Exception",$D70="Low",$E70="Low"),$A70&" "&$B70,"") | V70: =IF(AND($B70<>"",$C70<>"Target state",$C70<>"Exception",$D70="Low",$E70="Medium"),$A70&" "&$B70,"") | W70: =IF(AND($B70<>"",$C70<>"Target state",$C70<>"Exception",$D70="Low",$E70="High"),$A70&" "&$B70,"")
A71: ② | G71: =IF(OR($B71="",$D71="",$E71=""),"",IF(OR($C71="Target state",$C71="Exception"),"Out of scope",IF($D71="Low","No tranche",IF($E71="Low","Tranche 1",IF($E71="Medium","Tranche 2",IF($D71="High","Tranche 3","No tranche")))))) | O71: =IF(AND($B71<>"",$C71<>"Target state",$C71<>"Exception",$D71="High",$E71="Low"),$A71&" "&$B71,"") | P71: =IF(AND($B71<>"",$C71<>"Target state",$C71<>"Exception",$D71="High",$E71="Medium"),$A71&" "&$B71,"") | Q71: =IF(AND($B71<>"",$C71<>"Target state",$C71<>"Exception",$D71="High",$E71="High"),$A71&" "&$B71,"") | R71: =IF(AND($B71<>"",$C71<>"Target state",$C71<>"Exception",$D71="Medium",$E71="Low"),$A71&" "&$B71,"") | S71: =IF(AND($B71<>"",$C71<>"Target state",$C71<>"Exception",$D71="Medium",$E71="Medium"),$A71&" "&$B71,"") | T71: =IF(AND($B71<>"",$C71<>"Target state",$C71<>"Exception",$D71="Medium",$E71="High"),$A71&" "&$B71,"") | U71: =IF(AND($B71<>"",$C71<>"Target state",$C71<>"Exception",$D71="Low",$E71="Low"),$A71&" "&$B71,"") | V71: =IF(AND($B71<>"",$C71<>"Target state",$C71<>"Exception",$D71="Low",$E71="Medium"),$A71&" "&$B71,"") | W71: =IF(AND($B71<>"",$C71<>"Target state",$C71<>"Exception",$D71="Low",$E71="High"),$A71&" "&$B71,"")
A72: ③ | G72: =IF(OR($B72="",$D72="",$E72=""),"",IF(OR($C72="Target state",$C72="Exception"),"Out of scope",IF($D72="Low","No tranche",IF($E72="Low","Tranche 1",IF($E72="Medium","Tranche 2",IF($D72="High","Tranche 3","No tranche")))))) | O72: =IF(AND($B72<>"",$C72<>"Target state",$C72<>"Exception",$D72="High",$E72="Low"),$A72&" "&$B72,"") | P72: =IF(AND($B72<>"",$C72<>"Target state",$C72<>"Exception",$D72="High",$E72="Medium"),$A72&" "&$B72,"") | Q72: =IF(AND($B72<>"",$C72<>"Target state",$C72<>"Exception",$D72="High",$E72="High"),$A72&" "&$B72,"") | R72: =IF(AND($B72<>"",$C72<>"Target state",$C72<>"Exception",$D72="Medium",$E72="Low"),$A72&" "&$B72,"") | S72: =IF(AND($B72<>"",$C72<>"Target state",$C72<>"Exception",$D72="Medium",$E72="Medium"),$A72&" "&$B72,"") | T72: =IF(AND($B72<>"",$C72<>"Target state",$C72<>"Exception",$D72="Medium",$E72="High"),$A72&" "&$B72,"") | U72: =IF(AND($B72<>"",$C72<>"Target state",$C72<>"Exception",$D72="Low",$E72="Low"),$A72&" "&$B72,"") | V72: =IF(AND($B72<>"",$C72<>"Target state",$C72<>"Exception",$D72="Low",$E72="Medium"),$A72&" "&$B72,"") | W72: =IF(AND($B72<>"",$C72<>"Target state",$C72<>"Exception",$D72="Low",$E72="High"),$A72&" "&$B72,"")
A73: ④ | G73: =IF(OR($B73="",$D73="",$E73=""),"",IF(OR($C73="Target state",$C73="Exception"),"Out of scope",IF($D73="Low","No tranche",IF($E73="Low","Tranche 1",IF($E73="Medium","Tranche 2",IF($D73="High","Tranche 3","No tranche")))))) | J73: Medium | K73: ="Tranche 1"&CHAR(10)&_xlfn.TEXTJOIN(CHAR(10),TRUE,R$70:R$79) | L73: ="Tranche 2"&CHAR(10)&_xlfn.TEXTJOIN(CHAR(10),TRUE,S$70:S$79) | M73: =_xlfn.TEXTJOIN(CHAR(10),TRUE,T$70:T$79) | O73: =IF(AND($B73<>"",$C73<>"Target state",$C73<>"Exception",$D73="High",$E73="Low"),$A73&" "&$B73,"") | P73: =IF(AND($B73<>"",$C73<>"Target state",$C73<>"Exception",$D73="High",$E73="Medium"),$A73&" "&$B73,"") | Q73: =IF(AND($B73<>"",$C73<>"Target state",$C73<>"Exception",$D73="High",$E73="High"),$A73&" "&$B73,"") | R73: =IF(AND($B73<>"",$C73<>"Target state",$C73<>"Exception",$D73="Medium",$E73="Low"),$A73&" "&$B73,"") | S73: =IF(AND($B73<>"",$C73<>"Target state",$C73<>"Exception",$D73="Medium",$E73="Medium"),$A73&" "&$B73,"") | T73: =IF(AND($B73<>"",$C73<>"Target state",$C73<>"Exception",$D73="Medium",$E73="High"),$A73&" "&$B73,"") | U73: =IF(AND($B73<>"",$C73<>"Target state",$C73<>"Exception",$D73="Low",$E73="Low"),$A73&" "&$B73,"") | V73: =IF(AND($B73<>"",$C73<>"Target state",$C73<>"Exception",$D73="Low",$E73="Medium"),$A73&" "&$B73,"") | W73: =IF(AND($B73<>"",$C73<>"Target state",$C73<>"Exception",$D73="Low",$E73="High"),$A73&" "&$B73,"")
A74: ⑤ | G74: =IF(OR($B74="",$D74="",$E74=""),"",IF(OR($C74="Target state",$C74="Exception"),"Out of scope",IF($D74="Low","No tranche",IF($E74="Low","Tranche 1",IF($E74="Medium","Tranche 2",IF($D74="High","Tranche 3","No tranche")))))) | O74: =IF(AND($B74<>"",$C74<>"Target state",$C74<>"Exception",$D74="High",$E74="Low"),$A74&" "&$B74,"") | P74: =IF(AND($B74<>"",$C74<>"Target state",$C74<>"Exception",$D74="High",$E74="Medium"),$A74&" "&$B74,"") | Q74: =IF(AND($B74<>"",$C74<>"Target state",$C74<>"Exception",$D74="High",$E74="High"),$A74&" "&$B74,"") | R74: =IF(AND($B74<>"",$C74<>"Target state",$C74<>"Exception",$D74="Medium",$E74="Low"),$A74&" "&$B74,"") | S74: =IF(AND($B74<>"",$C74<>"Target state",$C74<>"Exception",$D74="Medium",$E74="Medium"),$A74&" "&$B74,"") | T74: =IF(AND($B74<>"",$C74<>"Target state",$C74<>"Exception",$D74="Medium",$E74="High"),$A74&" "&$B74,"") | U74: =IF(AND($B74<>"",$C74<>"Target state",$C74<>"Exception",$D74="Low",$E74="Low"),$A74&" "&$B74,"") | V74: =IF(AND($B74<>"",$C74<>"Target state",$C74<>"Exception",$D74="Low",$E74="Medium"),$A74&" "&$B74,"") | W74: =IF(AND($B74<>"",$C74<>"Target state",$C74<>"Exception",$D74="Low",$E74="High"),$A74&" "&$B74,"")
A75: ⑥ | G75: =IF(OR($B75="",$D75="",$E75=""),"",IF(OR($C75="Target state",$C75="Exception"),"Out of scope",IF($D75="Low","No tranche",IF($E75="Low","Tranche 1",IF($E75="Medium","Tranche 2",IF($D75="High","Tranche 3","No tranche")))))) | O75: =IF(AND($B75<>"",$C75<>"Target state",$C75<>"Exception",$D75="High",$E75="Low"),$A75&" "&$B75,"") | P75: =IF(AND($B75<>"",$C75<>"Target state",$C75<>"Exception",$D75="High",$E75="Medium"),$A75&" "&$B75,"") | Q75: =IF(AND($B75<>"",$C75<>"Target state",$C75<>"Exception",$D75="High",$E75="High"),$A75&" "&$B75,"") | R75: =IF(AND($B75<>"",$C75<>"Target state",$C75<>"Exception",$D75="Medium",$E75="Low"),$A75&" "&$B75,"") | S75: =IF(AND($B75<>"",$C75<>"Target state",$C75<>"Exception",$D75="Medium",$E75="Medium"),$A75&" "&$B75,"") | T75: =IF(AND($B75<>"",$C75<>"Target state",$C75<>"Exception",$D75="Medium",$E75="High"),$A75&" "&$B75,"") | U75: =IF(AND($B75<>"",$C75<>"Target state",$C75<>"Exception",$D75="Low",$E75="Low"),$A75&" "&$B75,"") | V75: =IF(AND($B75<>"",$C75<>"Target state",$C75<>"Exception",$D75="Low",$E75="Medium"),$A75&" "&$B75,"") | W75: =IF(AND($B75<>"",$C75<>"Target state",$C75<>"Exception",$D75="Low",$E75="High"),$A75&" "&$B75,"")
A76: ⑦ | G76: =IF(OR($B76="",$D76="",$E76=""),"",IF(OR($C76="Target state",$C76="Exception"),"Out of scope",IF($D76="Low","No tranche",IF($E76="Low","Tranche 1",IF($E76="Medium","Tranche 2",IF($D76="High","Tranche 3","No tranche")))))) | J76: Low | K76: =_xlfn.TEXTJOIN(CHAR(10),TRUE,U$70:U$79) | L76: =_xlfn.TEXTJOIN(CHAR(10),TRUE,V$70:V$79) | M76: =_xlfn.TEXTJOIN(CHAR(10),TRUE,W$70:W$79) | O76: =IF(AND($B76<>"",$C76<>"Target state",$C76<>"Exception",$D76="High",$E76="Low"),$A76&" "&$B76,"") | P76: =IF(AND($B76<>"",$C76<>"Target state",$C76<>"Exception",$D76="High",$E76="Medium"),$A76&" "&$B76,"") | Q76: =IF(AND($B76<>"",$C76<>"Target state",$C76<>"Exception",$D76="High",$E76="High"),$A76&" "&$B76,"") | R76: =IF(AND($B76<>"",$C76<>"Target state",$C76<>"Exception",$D76="Medium",$E76="Low"),$A76&" "&$B76,"") | S76: =IF(AND($B76<>"",$C76<>"Target state",$C76<>"Exception",$D76="Medium",$E76="Medium"),$A76&" "&$B76,"") | T76: =IF(AND($B76<>"",$C76<>"Target state",$C76<>"Exception",$D76="Medium",$E76="High"),$A76&" "&$B76,"") | U76: =IF(AND($B76<>"",$C76<>"Target state",$C76<>"Exception",$D76="Low",$E76="Low"),$A76&" "&$B76,"") | V76: =IF(AND($B76<>"",$C76<>"Target state",$C76<>"Exception",$D76="Low",$E76="Medium"),$A76&" "&$B76,"") | W76: =IF(AND($B76<>"",$C76<>"Target state",$C76<>"Exception",$D76="Low",$E76="High"),$A76&" "&$B76,"")
A77: ⑧ | G77: =IF(OR($B77="",$D77="",$E77=""),"",IF(OR($C77="Target state",$C77="Exception"),"Out of scope",IF($D77="Low","No tranche",IF($E77="Low","Tranche 1",IF($E77="Medium","Tranche 2",IF($D77="High","Tranche 3","No tranche")))))) | O77: =IF(AND($B77<>"",$C77<>"Target state",$C77<>"Exception",$D77="High",$E77="Low"),$A77&" "&$B77,"") | P77: =IF(AND($B77<>"",$C77<>"Target state",$C77<>"Exception",$D77="High",$E77="Medium"),$A77&" "&$B77,"") | Q77: =IF(AND($B77<>"",$C77<>"Target state",$C77<>"Exception",$D77="High",$E77="High"),$A77&" "&$B77,"") | R77: =IF(AND($B77<>"",$C77<>"Target state",$C77<>"Exception",$D77="Medium",$E77="Low"),$A77&" "&$B77,"") | S77: =IF(AND($B77<>"",$C77<>"Target state",$C77<>"Exception",$D77="Medium",$E77="Medium"),$A77&" "&$B77,"") | T77: =IF(AND($B77<>"",$C77<>"Target state",$C77<>"Exception",$D77="Medium",$E77="High"),$A77&" "&$B77,"") | U77: =IF(AND($B77<>"",$C77<>"Target state",$C77<>"Exception",$D77="Low",$E77="Low"),$A77&" "&$B77,"") | V77: =IF(AND($B77<>"",$C77<>"Target state",$C77<>"Exception",$D77="Low",$E77="Medium"),$A77&" "&$B77,"") | W77: =IF(AND($B77<>"",$C77<>"Target state",$C77<>"Exception",$D77="Low",$E77="High"),$A77&" "&$B77,"")
A78: ⑨ | G78: =IF(OR($B78="",$D78="",$E78=""),"",IF(OR($C78="Target state",$C78="Exception"),"Out of scope",IF($D78="Low","No tranche",IF($E78="Low","Tranche 1",IF($E78="Medium","Tranche 2",IF($D78="High","Tranche 3","No tranche")))))) | O78: =IF(AND($B78<>"",$C78<>"Target state",$C78<>"Exception",$D78="High",$E78="Low"),$A78&" "&$B78,"") | P78: =IF(AND($B78<>"",$C78<>"Target state",$C78<>"Exception",$D78="High",$E78="Medium"),$A78&" "&$B78,"") | Q78: =IF(AND($B78<>"",$C78<>"Target state",$C78<>"Exception",$D78="High",$E78="High"),$A78&" "&$B78,"") | R78: =IF(AND($B78<>"",$C78<>"Target state",$C78<>"Exception",$D78="Medium",$E78="Low"),$A78&" "&$B78,"") | S78: =IF(AND($B78<>"",$C78<>"Target state",$C78<>"Exception",$D78="Medium",$E78="Medium"),$A78&" "&$B78,"") | T78: =IF(AND($B78<>"",$C78<>"Target state",$C78<>"Exception",$D78="Medium",$E78="High"),$A78&" "&$B78,"") | U78: =IF(AND($B78<>"",$C78<>"Target state",$C78<>"Exception",$D78="Low",$E78="Low"),$A78&" "&$B78,"") | V78: =IF(AND($B78<>"",$C78<>"Target state",$C78<>"Exception",$D78="Low",$E78="Medium"),$A78&" "&$B78,"") | W78: =IF(AND($B78<>"",$C78<>"Target state",$C78<>"Exception",$D78="Low",$E78="High"),$A78&" "&$B78,"")
A79: ⑩ | G79: =IF(OR($B79="",$D79="",$E79=""),"",IF(OR($C79="Target state",$C79="Exception"),"Out of scope",IF($D79="Low","No tranche",IF($E79="Low","Tranche 1",IF($E79="Medium","Tranche 2",IF($D79="High","Tranche 3","No tranche")))))) | K79: Complexity | O79: =IF(AND($B79<>"",$C79<>"Target state",$C79<>"Exception",$D79="High",$E79="Low"),$A79&" "&$B79,"") | P79: =IF(AND($B79<>"",$C79<>"Target state",$C79<>"Exception",$D79="High",$E79="Medium"),$A79&" "&$B79,"") | Q79: =IF(AND($B79<>"",$C79<>"Target state",$C79<>"Exception",$D79="High",$E79="High"),$A79&" "&$B79,"") | R79: =IF(AND($B79<>"",$C79<>"Target state",$C79<>"Exception",$D79="Medium",$E79="Low"),$A79&" "&$B79,"") | S79: =IF(AND($B79<>"",$C79<>"Target state",$C79<>"Exception",$D79="Medium",$E79="Medium"),$A79&" "&$B79,"") | T79: =IF(AND($B79<>"",$C79<>"Target state",$C79<>"Exception",$D79="Medium",$E79="High"),$A79&" "&$B79,"") | U79: =IF(AND($B79<>"",$C79<>"Target state",$C79<>"Exception",$D79="Low",$E79="Low"),$A79&" "&$B79,"") | V79: =IF(AND($B79<>"",$C79<>"Target state",$C79<>"Exception",$D79="Low",$E79="Medium"),$A79&" "&$B79,"") | W79: =IF(AND($B79<>"",$C79<>"Target state",$C79<>"Exception",$D79="Low",$E79="High"),$A79&" "&$B79,"")
A82: CPQ / Quote-pricing | G82: =HYPERLINK("#'Boarding'!A4","▲ tracker") | K82: Assessment Outcome
A83: # | B83: Platform | C83: State | D83: Imperative to exit | E83: Exit complexity | F83: Supporting facts | G83: Tranche (auto) | K83: Low | L83: Medium | M83: High
A84: ① | G84: =IF(OR($B84="",$D84="",$E84=""),"",IF(OR($C84="Target state",$C84="Exception"),"Out of scope",IF($D84="Low","No tranche",IF($E84="Low","Tranche 1",IF($E84="Medium","Tranche 2",IF($D84="High","Tranche 3","No tranche")))))) | I84: Benefits | J84: High | K84: ="Tranche 1"&CHAR(10)&_xlfn.TEXTJOIN(CHAR(10),TRUE,O$84:O$93) | L84: ="Tranche 2"&CHAR(10)&_xlfn.TEXTJOIN(CHAR(10),TRUE,P$84:P$93) | M84: ="Tranche 3"&CHAR(10)&_xlfn.TEXTJOIN(CHAR(10),TRUE,Q$84:Q$93) | O84: =IF(AND($B84<>"",$C84<>"Target state",$C84<>"Exception",$D84="High",$E84="Low"),$A84&" "&$B84,"") | P84: =IF(AND($B84<>"",$C84<>"Target state",$C84<>"Exception",$D84="High",$E84="Medium"),$A84&" "&$B84,"") | Q84: =IF(AND($B84<>"",$C84<>"Target state",$C84<>"Exception",$D84="High",$E84="High"),$A84&" "&$B84,"") | R84: =IF(AND($B84<>"",$C84<>"Target state",$C84<>"Exception",$D84="Medium",$E84="Low"),$A84&" "&$B84,"") | S84: =IF(AND($B84<>"",$C84<>"Target state",$C84<>"Exception",$D84="Medium",$E84="Medium"),$A84&" "&$B84,"") | T84: =IF(AND($B84<>"",$C84<>"Target state",$C84<>"Exception",$D84="Medium",$E84="High"),$A84&" "&$B84,"") | U84: =IF(AND($B84<>"",$C84<>"Target state",$C84<>"Exception",$D84="Low",$E84="Low"),$A84&" "&$B84,"") | V84: =IF(AND($B84<>"",$C84<>"Target state",$C84<>"Exception",$D84="Low",$E84="Medium"),$A84&" "&$B84,"") | W84: =IF(AND($B84<>"",$C84<>"Target state",$C84<>"Exception",$D84="Low",$E84="High"),$A84&" "&$B84,"")
A85: ② | G85: =IF(OR($B85="",$D85="",$E85=""),"",IF(OR($C85="Target state",$C85="Exception"),"Out of scope",IF($D85="Low","No tranche",IF($E85="Low","Tranche 1",IF($E85="Medium","Tranche 2",IF($D85="High","Tranche 3","No tranche")))))) | O85: =IF(AND($B85<>"",$C85<>"Target state",$C85<>"Exception",$D85="High",$E85="Low"),$A85&" "&$B85,"") | P85: =IF(AND($B85<>"",$C85<>"Target state",$C85<>"Exception",$D85="High",$E85="Medium"),$A85&" "&$B85,"") | Q85: =IF(AND($B85<>"",$C85<>"Target state",$C85<>"Exception",$D85="High",$E85="High"),$A85&" "&$B85,"") | R85: =IF(AND($B85<>"",$C85<>"Target state",$C85<>"Exception",$D85="Medium",$E85="Low"),$A85&" "&$B85,"") | S85: =IF(AND($B85<>"",$C85<>"Target state",$C85<>"Exception",$D85="Medium",$E85="Medium"),$A85&" "&$B85,"") | T85: =IF(AND($B85<>"",$C85<>"Target state",$C85<>"Exception",$D85="Medium",$E85="High"),$A85&" "&$B85,"") | U85: =IF(AND($B85<>"",$C85<>"Target state",$C85<>"Exception",$D85="Low",$E85="Low"),$A85&" "&$B85,"") | V85: =IF(AND($B85<>"",$C85<>"Target state",$C85<>"Exception",$D85="Low",$E85="Medium"),$A85&" "&$B85,"") | W85: =IF(AND($B85<>"",$C85<>"Target state",$C85<>"Exception",$D85="Low",$E85="High"),$A85&" "&$B85,"")
A86: ③ | G86: =IF(OR($B86="",$D86="",$E86=""),"",IF(OR($C86="Target state",$C86="Exception"),"Out of scope",IF($D86="Low","No tranche",IF($E86="Low","Tranche 1",IF($E86="Medium","Tranche 2",IF($D86="High","Tranche 3","No tranche")))))) | O86: =IF(AND($B86<>"",$C86<>"Target state",$C86<>"Exception",$D86="High",$E86="Low"),$A86&" "&$B86,"") | P86: =IF(AND($B86<>"",$C86<>"Target state",$C86<>"Exception",$D86="High",$E86="Medium"),$A86&" "&$B86,"") | Q86: =IF(AND($B86<>"",$C86<>"Target state",$C86<>"Exception",$D86="High",$E86="High"),$A86&" "&$B86,"") | R86: =IF(AND($B86<>"",$C86<>"Target state",$C86<>"Exception",$D86="Medium",$E86="Low"),$A86&" "&$B86,"") | S86: =IF(AND($B86<>"",$C86<>"Target state",$C86<>"Exception",$D86="Medium",$E86="Medium"),$A86&" "&$B86,"") | T86: =IF(AND($B86<>"",$C86<>"Target state",$C86<>"Exception",$D86="Medium",$E86="High"),$A86&" "&$B86,"") | U86: =IF(AND($B86<>"",$C86<>"Target state",$C86<>"Exception",$D86="Low",$E86="Low"),$A86&" "&$B86,"") | V86: =IF(AND($B86<>"",$C86<>"Target state",$C86<>"Exception",$D86="Low",$E86="Medium"),$A86&" "&$B86,"") | W86: =IF(AND($B86<>"",$C86<>"Target state",$C86<>"Exception",$D86="Low",$E86="High"),$A86&" "&$B86,"")
A87: ④ | G87: =IF(OR($B87="",$D87="",$E87=""),"",IF(OR($C87="Target state",$C87="Exception"),"Out of scope",IF($D87="Low","No tranche",IF($E87="Low","Tranche 1",IF($E87="Medium","Tranche 2",IF($D87="High","Tranche 3","No tranche")))))) | J87: Medium | K87: ="Tranche 1"&CHAR(10)&_xlfn.TEXTJOIN(CHAR(10),TRUE,R$84:R$93) | L87: ="Tranche 2"&CHAR(10)&_xlfn.TEXTJOIN(CHAR(10),TRUE,S$84:S$93) | M87: =_xlfn.TEXTJOIN(CHAR(10),TRUE,T$84:T$93) | O87: =IF(AND($B87<>"",$C87<>"Target state",$C87<>"Exception",$D87="High",$E87="Low"),$A87&" "&$B87,"") | P87: =IF(AND($B87<>"",$C87<>"Target state",$C87<>"Exception",$D87="High",$E87="Medium"),$A87&" "&$B87,"") | Q87: =IF(AND($B87<>"",$C87<>"Target state",$C87<>"Exception",$D87="High",$E87="High"),$A87&" "&$B87,"") | R87: =IF(AND($B87<>"",$C87<>"Target state",$C87<>"Exception",$D87="Medium",$E87="Low"),$A87&" "&$B87,"") | S87: =IF(AND($B87<>"",$C87<>"Target state",$C87<>"Exception",$D87="Medium",$E87="Medium"),$A87&" "&$B87,"") | T87: =IF(AND($B87<>"",$C87<>"Target state",$C87<>"Exception",$D87="Medium",$E87="High"),$A87&" "&$B87,"") | U87: =IF(AND($B87<>"",$C87<>"Target state",$C87<>"Exception",$D87="Low",$E87="Low"),$A87&" "&$B87,"") | V87: =IF(AND($B87<>"",$C87<>"Target state",$C87<>"Exception",$D87="Low",$E87="Medium"),$A87&" "&$B87,"") | W87: =IF(AND($B87<>"",$C87<>"Target state",$C87<>"Exception",$D87="Low",$E87="High"),$A87&" "&$B87,"")
A88: ⑤ | G88: =IF(OR($B88="",$D88="",$E88=""),"",IF(OR($C88="Target state",$C88="Exception"),"Out of scope",IF($D88="Low","No tranche",IF($E88="Low","Tranche 1",IF($E88="Medium","Tranche 2",IF($D88="High","Tranche 3","No tranche")))))) | O88: =IF(AND($B88<>"",$C88<>"Target state",$C88<>"Exception",$D88="High",$E88="Low"),$A88&" "&$B88,"") | P88: =IF(AND($B88<>"",$C88<>"Target state",$C88<>"Exception",$D88="High",$E88="Medium"),$A88&" "&$B88,"") | Q88: =IF(AND($B88<>"",$C88<>"Target state",$C88<>"Exception",$D88="High",$E88="High"),$A88&" "&$B88,"") | R88: =IF(AND($B88<>"",$C88<>"Target state",$C88<>"Exception",$D88="Medium",$E88="Low"),$A88&" "&$B88,"") | S88: =IF(AND($B88<>"",$C88<>"Target state",$C88<>"Exception",$D88="Medium",$E88="Medium"),$A88&" "&$B88,"") | T88: =IF(AND($B88<>"",$C88<>"Target state",$C88<>"Exception",$D88="Medium",$E88="High"),$A88&" "&$B88,"") | U88: =IF(AND($B88<>"",$C88<>"Target state",$C88<>"Exception",$D88="Low",$E88="Low"),$A88&" "&$B88,"") | V88: =IF(AND($B88<>"",$C88<>"Target state",$C88<>"Exception",$D88="Low",$E88="Medium"),$A88&" "&$B88,"") | W88: =IF(AND($B88<>"",$C88<>"Target state",$C88<>"Exception",$D88="Low",$E88="High"),$A88&" "&$B88,"")
A89: ⑥ | G89: =IF(OR($B89="",$D89="",$E89=""),"",IF(OR($C89="Target state",$C89="Exception"),"Out of scope",IF($D89="Low","No tranche",IF($E89="Low","Tranche 1",IF($E89="Medium","Tranche 2",IF($D89="High","Tranche 3","No tranche")))))) | O89: =IF(AND($B89<>"",$C89<>"Target state",$C89<>"Exception",$D89="High",$E89="Low"),$A89&" "&$B89,"") | P89: =IF(AND($B89<>"",$C89<>"Target state",$C89<>"Exception",$D89="High",$E89="Medium"),$A89&" "&$B89,"") | Q89: =IF(AND($B89<>"",$C89<>"Target state",$C89<>"Exception",$D89="High",$E89="High"),$A89&" "&$B89,"") | R89: =IF(AND($B89<>"",$C89<>"Target state",$C89<>"Exception",$D89="Medium",$E89="Low"),$A89&" "&$B89,"") | S89: =IF(AND($B89<>"",$C89<>"Target state",$C89<>"Exception",$D89="Medium",$E89="Medium"),$A89&" "&$B89,"") | T89: =IF(AND($B89<>"",$C89<>"Target state",$C89<>"Exception",$D89="Medium",$E89="High"),$A89&" "&$B89,"") | U89: =IF(AND($B89<>"",$C89<>"Target state",$C89<>"Exception",$D89="Low",$E89="Low"),$A89&" "&$B89,"") | V89: =IF(AND($B89<>"",$C89<>"Target state",$C89<>"Exception",$D89="Low",$E89="Medium"),$A89&" "&$B89,"") | W89: =IF(AND($B89<>"",$C89<>"Target state",$C89<>"Exception",$D89="Low",$E89="High"),$A89&" "&$B89,"")
A90: ⑦ | G90: =IF(OR($B90="",$D90="",$E90=""),"",IF(OR($C90="Target state",$C90="Exception"),"Out of scope",IF($D90="Low","No tranche",IF($E90="Low","Tranche 1",IF($E90="Medium","Tranche 2",IF($D90="High","Tranche 3","No tranche")))))) | J90: Low | K90: =_xlfn.TEXTJOIN(CHAR(10),TRUE,U$84:U$93) | L90: =_xlfn.TEXTJOIN(CHAR(10),TRUE,V$84:V$93) | M90: =_xlfn.TEXTJOIN(CHAR(10),TRUE,W$84:W$93) | O90: =IF(AND($B90<>"",$C90<>"Target state",$C90<>"Exception",$D90="High",$E90="Low"),$A90&" "&$B90,"") | P90: =IF(AND($B90<>"",$C90<>"Target state",$C90<>"Exception",$D90="High",$E90="Medium"),$A90&" "&$B90,"") | Q90: =IF(AND($B90<>"",$C90<>"Target state",$C90<>"Exception",$D90="High",$E90="High"),$A90&" "&$B90,"") | R90: =IF(AND($B90<>"",$C90<>"Target state",$C90<>"Exception",$D90="Medium",$E90="Low"),$A90&" "&$B90,"") | S90: =IF(AND($B90<>"",$C90<>"Target state",$C90<>"Exception",$D90="Medium",$E90="Medium"),$A90&" "&$B90,"") | T90: =IF(AND($B90<>"",$C90<>"Target state",$C90<>"Exception",$D90="Medium",$E90="High"),$A90&" "&$B90,"") | U90: =IF(AND($B90<>"",$C90<>"Target state",$C90<>"Exception",$D90="Low",$E90="Low"),$A90&" "&$B90,"") | V90: =IF(AND($B90<>"",$C90<>"Target state",$C90<>"Exception",$D90="Low",$E90="Medium"),$A90&" "&$B90,"") | W90: =IF(AND($B90<>"",$C90<>"Target state",$C90<>"Exception",$D90="Low",$E90="High"),$A90&" "&$B90,"")
A91: ⑧ | G91: =IF(OR($B91="",$D91="",$E91=""),"",IF(OR($C91="Target state",$C91="Exception"),"Out of scope",IF($D91="Low","No tranche",IF($E91="Low","Tranche 1",IF($E91="Medium","Tranche 2",IF($D91="High","Tranche 3","No tranche")))))) | O91: =IF(AND($B91<>"",$C91<>"Target state",$C91<>"Exception",$D91="High",$E91="Low"),$A91&" "&$B91,"") | P91: =IF(AND($B91<>"",$C91<>"Target state",$C91<>"Exception",$D91="High",$E91="Medium"),$A91&" "&$B91,"") | Q91: =IF(AND($B91<>"",$C91<>"Target state",$C91<>"Exception",$D91="High",$E91="High"),$A91&" "&$B91,"") | R91: =IF(AND($B91<>"",$C91<>"Target state",$C91<>"Exception",$D91="Medium",$E91="Low"),$A91&" "&$B91,"") | S91: =IF(AND($B91<>"",$C91<>"Target state",$C91<>"Exception",$D91="Medium",$E91="Medium"),$A91&" "&$B91,"") | T91: =IF(AND($B91<>"",$C91<>"Target state",$C91<>"Exception",$D91="Medium",$E91="High"),$A91&" "&$B91,"") | U91: =IF(AND($B91<>"",$C91<>"Target state",$C91<>"Exception",$D91="Low",$E91="Low"),$A91&" "&$B91,"") | V91: =IF(AND($B91<>"",$C91<>"Target state",$C91<>"Exception",$D91="Low",$E91="Medium"),$A91&" "&$B91,"") | W91: =IF(AND($B91<>"",$C91<>"Target state",$C91<>"Exception",$D91="Low",$E91="High"),$A91&" "&$B91,"")
A92: ⑨ | G92: =IF(OR($B92="",$D92="",$E92=""),"",IF(OR($C92="Target state",$C92="Exception"),"Out of scope",IF($D92="Low","No tranche",IF($E92="Low","Tranche 1",IF($E92="Medium","Tranche 2",IF($D92="High","Tranche 3","No tranche")))))) | O92: =IF(AND($B92<>"",$C92<>"Target state",$C92<>"Exception",$D92="High",$E92="Low"),$A92&" "&$B92,"") | P92: =IF(AND($B92<>"",$C92<>"Target state",$C92<>"Exception",$D92="High",$E92="Medium"),$A92&" "&$B92,"") | Q92: =IF(AND($B92<>"",$C92<>"Target state",$C92<>"Exception",$D92="High",$E92="High"),$A92&" "&$B92,"") | R92: =IF(AND($B92<>"",$C92<>"Target state",$C92<>"Exception",$D92="Medium",$E92="Low"),$A92&" "&$B92,"") | S92: =IF(AND($B92<>"",$C92<>"Target state",$C92<>"Exception",$D92="Medium",$E92="Medium"),$A92&" "&$B92,"") | T92: =IF(AND($B92<>"",$C92<>"Target state",$C92<>"Exception",$D92="Medium",$E92="High"),$A92&" "&$B92,"") | U92: =IF(AND($B92<>"",$C92<>"Target state",$C92<>"Exception",$D92="Low",$E92="Low"),$A92&" "&$B92,"") | V92: =IF(AND($B92<>"",$C92<>"Target state",$C92<>"Exception",$D92="Low",$E92="Medium"),$A92&" "&$B92,"") | W92: =IF(AND($B92<>"",$C92<>"Target state",$C92<>"Exception",$D92="Low",$E92="High"),$A92&" "&$B92,"")
A93: ⑩ | G93: =IF(OR($B93="",$D93="",$E93=""),"",IF(OR($C93="Target state",$C93="Exception"),"Out of scope",IF($D93="Low","No tranche",IF($E93="Low","Tranche 1",IF($E93="Medium","Tranche 2",IF($D93="High","Tranche 3","No tranche")))))) | K93: Complexity | O93: =IF(AND($B93<>"",$C93<>"Target state",$C93<>"Exception",$D93="High",$E93="Low"),$A93&" "&$B93,"") | P93: =IF(AND($B93<>"",$C93<>"Target state",$C93<>"Exception",$D93="High",$E93="Medium"),$A93&" "&$B93,"") | Q93: =IF(AND($B93<>"",$C93<>"Target state",$C93<>"Exception",$D93="High",$E93="High"),$A93&" "&$B93,"") | R93: =IF(AND($B93<>"",$C93<>"Target state",$C93<>"Exception",$D93="Medium",$E93="Low"),$A93&" "&$B93,"") | S93: =IF(AND($B93<>"",$C93<>"Target state",$C93<>"Exception",$D93="Medium",$E93="Medium"),$A93&" "&$B93,"") | T93: =IF(AND($B93<>"",$C93<>"Target state",$C93<>"Exception",$D93="Medium",$E93="High"),$A93&" "&$B93,"") | U93: =IF(AND($B93<>"",$C93<>"Target state",$C93<>"Exception",$D93="Low",$E93="Low"),$A93&" "&$B93,"") | V93: =IF(AND($B93<>"",$C93<>"Target state",$C93<>"Exception",$D93="Low",$E93="Medium"),$A93&" "&$B93,"") | W93: =IF(AND($B93<>"",$C93<>"Target state",$C93<>"Exception",$D93="Low",$E93="High"),$A93&" "&$B93,"")

Sheet Single-in
A1: Single-in — Platform Assessment
A2: =HYPERLINK("#'Summary'!A1","← Back to Summary") | C2: Pick a State, score High / Medium / Low — the tranche, the matrix and the Summary update automatically.
A4: Tracker — jump to a sub-capability:
A5: 1. | B5: =HYPERLINK("#'Single-in'!A11","Global API")
A6: 2. | B6: =HYPERLINK("#'Single-in'!A25","Payment Apps & SDKs")
A7: 3. | B7: =HYPERLINK("#'Single-in'!A39","Developer Experience")
A8: 4. | B8: =HYPERLINK("#'Single-in'!A53","Hosted Solutions")
A9: 5. | B9: =HYPERLINK("#'Single-in'!A67","Unified Proposition")
A11: Global API | G11: =HYPERLINK("#'Single-in'!A4","▲ tracker") | K11: Assessment Outcome
A12: # | B12: Platform | C12: State | D12: Imperative to exit | E12: Exit complexity | F12: Supporting facts | G12: Tranche (auto) | K12: Low | L12: Medium | M12: High
A13: ① | G13: =IF(OR($B13="",$D13="",$E13=""),"",IF(OR($C13="Target state",$C13="Exception"),"Out of scope",IF($D13="Low","No tranche",IF($E13="Low","Tranche 1",IF($E13="Medium","Tranche 2",IF($D13="High","Tranche 3","No tranche")))))) | I13: Benefits | J13: High | K13: ="Tranche 1"&CHAR(10)&_xlfn.TEXTJOIN(CHAR(10),TRUE,O$13:O$22) | L13: ="Tranche 2"&CHAR(10)&_xlfn.TEXTJOIN(CHAR(10),TRUE,P$13:P$22) | M13: ="Tranche 3"&CHAR(10)&_xlfn.TEXTJOIN(CHAR(10),TRUE,Q$13:Q$22) | O13: =IF(AND($B13<>"",$C13<>"Target state",$C13<>"Exception",$D13="High",$E13="Low"),$A13&" "&$B13,"") | P13: =IF(AND($B13<>"",$C13<>"Target state",$C13<>"Exception",$D13="High",$E13="Medium"),$A13&" "&$B13,"") | Q13: =IF(AND($B13<>"",$C13<>"Target state",$C13<>"Exception",$D13="High",$E13="High"),$A13&" "&$B13,"") | R13: =IF(AND($B13<>"",$C13<>"Target state",$C13<>"Exception",$D13="Medium",$E13="Low"),$A13&" "&$B13,"") | S13: =IF(AND($B13<>"",$C13<>"Target state",$C13<>"Exception",$D13="Medium",$E13="Medium"),$A13&" "&$B13,"") | T13: =IF(AND($B13<>"",$C13<>"Target state",$C13<>"Exception",$D13="Medium",$E13="High"),$A13&" "&$B13,"") | U13: =IF(AND($B13<>"",$C13<>"Target state",$C13<>"Exception",$D13="Low",$E13="Low"),$A13&" "&$B13,"") | V13: =IF(AND($B13<>"",$C13<>"Target state",$C13<>"Exception",$D13="Low",$E13="Medium"),$A13&" "&$B13,"") | W13: =IF(AND($B13<>"",$C13<>"Target state",$C13<>"Exception",$D13="Low",$E13="High"),$A13&" "&$B13,"")
A14: ② | G14: =IF(OR($B14="",$D14="",$E14=""),"",IF(OR($C14="Target state",$C14="Exception"),"Out of scope",IF($D14="Low","No tranche",IF($E14="Low","Tranche 1",IF($E14="Medium","Tranche 2",IF($D14="High","Tranche 3","No tranche")))))) | O14: =IF(AND($B14<>"",$C14<>"Target state",$C14<>"Exception",$D14="High",$E14="Low"),$A14&" "&$B14,"") | P14: =IF(AND($B14<>"",$C14<>"Target state",$C14<>"Exception",$D14="High",$E14="Medium"),$A14&" "&$B14,"") | Q14: =IF(AND($B14<>"",$C14<>"Target state",$C14<>"Exception",$D14="High",$E14="High"),$A14&" "&$B14,"") | R14: =IF(AND($B14<>"",$C14<>"Target state",$C14<>"Exception",$D14="Medium",$E14="Low"),$A14&" "&$B14,"") | S14: =IF(AND($B14<>"",$C14<>"Target state",$C14<>"Exception",$D14="Medium",$E14="Medium"),$A14&" "&$B14,"") | T14: =IF(AND($B14<>"",$C14<>"Target state",$C14<>"Exception",$D14="Medium",$E14="High"),$A14&" "&$B14,"") | U14: =IF(AND($B14<>"",$C14<>"Target state",$C14<>"Exception",$D14="Low",$E14="Low"),$A14&" "&$B14,"") | V14: =IF(AND($B14<>"",$C14<>"Target state",$C14<>"Exception",$D14="Low",$E14="Medium"),$A14&" "&$B14,"") | W14: =IF(AND($B14<>"",$C14<>"Target state",$C14<>"Exception",$D14="Low",$E14="High"),$A14&" "&$B14,"")
A15: ③ | G15: =IF(OR($B15="",$D15="",$E15=""),"",IF(OR($C15="Target state",$C15="Exception"),"Out of scope",IF($D15="Low","No tranche",IF($E15="Low","Tranche 1",IF($E15="Medium","Tranche 2",IF($D15="High","Tranche 3","No tranche")))))) | O15: =IF(AND($B15<>"",$C15<>"Target state",$C15<>"Exception",$D15="High",$E15="Low"),$A15&" "&$B15,"") | P15: =IF(AND($B15<>"",$C15<>"Target state",$C15<>"Exception",$D15="High",$E15="Medium"),$A15&" "&$B15,"") | Q15: =IF(AND($B15<>"",$C15<>"Target state",$C15<>"Exception",$D15="High",$E15="High"),$A15&" "&$B15,"") | R15: =IF(AND($B15<>"",$C15<>"Target state",$C15<>"Exception",$D15="Medium",$E15="Low"),$A15&" "&$B15,"") | S15: =IF(AND($B15<>"",$C15<>"Target state",$C15<>"Exception",$D15="Medium",$E15="Medium"),$A15&" "&$B15,"") | T15: =IF(AND($B15<>"",$C15<>"Target state",$C15<>"Exception",$D15="Medium",$E15="High"),$A15&" "&$B15,"") | U15: =IF(AND($B15<>"",$C15<>"Target state",$C15<>"Exception",$D15="Low",$E15="Low"),$A15&" "&$B15,"") | V15: =IF(AND($B15<>"",$C15<>"Target state",$C15<>"Exception",$D15="Low",$E15="Medium"),$A15&" "&$B15,"") | W15: =IF(AND($B15<>"",$C15<>"Target state",$C15<>"Exception",$D15="Low",$E15="High"),$A15&" "&$B15,"")
A16: ④ | G16: =IF(OR($B16="",$D16="",$E16=""),"",IF(OR($C16="Target state",$C16="Exception"),"Out of scope",IF($D16="Low","No tranche",IF($E16="Low","Tranche 1",IF($E16="Medium","Tranche 2",IF($D16="High","Tranche 3","No tranche")))))) | J16: Medium | K16: ="Tranche 1"&CHAR(10)&_xlfn.TEXTJOIN(CHAR(10),TRUE,R$13:R$22) | L16: ="Tranche 2"&CHAR(10)&_xlfn.TEXTJOIN(CHAR(10),TRUE,S$13:S$22) | M16: =_xlfn.TEXTJOIN(CHAR(10),TRUE,T$13:T$22) | O16: =IF(AND($B16<>"",$C16<>"Target state",$C16<>"Exception",$D16="High",$E16="Low"),$A16&" "&$B16,"") | P16: =IF(AND($B16<>"",$C16<>"Target state",$C16<>"Exception",$D16="High",$E16="Medium"),$A16&" "&$B16,"") | Q16: =IF(AND($B16<>"",$C16<>"Target state",$C16<>"Exception",$D16="High",$E16="High"),$A16&" "&$B16,"") | R16: =IF(AND($B16<>"",$C16<>"Target state",$C16<>"Exception",$D16="Medium",$E16="Low"),$A16&" "&$B16,"") | S16: =IF(AND($B16<>"",$C16<>"Target state",$C16<>"Exception",$D16="Medium",$E16="Medium"),$A16&" "&$B16,"") | T16: =IF(AND($B16<>"",$C16<>"Target state",$C16<>"Exception",$D16="Medium",$E16="High"),$A16&" "&$B16,"") | U16: =IF(AND($B16<>"",$C16<>"Target state",$C16<>"Exception",$D16="Low",$E16="Low"),$A16&" "&$B16,"") | V16: =IF(AND($B16<>"",$C16<>"Target state",$C16<>"Exception",$D16="Low",$E16="Medium"),$A16&" "&$B16,"") | W16: =IF(AND($B16<>"",$C16<>"Target state",$C16<>"Exception",$D16="Low",$E16="High"),$A16&" "&$B16,"")
A17: ⑤ | G17: =IF(OR($B17="",$D17="",$E17=""),"",IF(OR($C17="Target state",$C17="Exception"),"Out of scope",IF($D17="Low","No tranche",IF($E17="Low","Tranche 1",IF($E17="Medium","Tranche 2",IF($D17="High","Tranche 3","No tranche")))))) | O17: =IF(AND($B17<>"",$C17<>"Target state",$C17<>"Exception",$D17="High",$E17="Low"),$A17&" "&$B17,"") | P17: =IF(AND($B17<>"",$C17<>"Target state",$C17<>"Exception",$D17="High",$E17="Medium"),$A17&" "&$B17,"") | Q17: =IF(AND($B17<>"",$C17<>"Target state",$C17<>"Exception",$D17="High",$E17="High"),$A17&" "&$B17,"") | R17: =IF(AND($B17<>"",$C17<>"Target state",$C17<>"Exception",$D17="Medium",$E17="Low"),$A17&" "&$B17,"") | S17: =IF(AND($B17<>"",$C17<>"Target state",$C17<>"Exception",$D17="Medium",$E17="Medium"),$A17&" "&$B17,"") | T17: =IF(AND($B17<>"",$C17<>"Target state",$C17<>"Exception",$D17="Medium",$E17="High"),$A17&" "&$B17,"") | U17: =IF(AND($B17<>"",$C17<>"Target state",$C17<>"Exception",$D17="Low",$E17="Low"),$A17&" "&$B17,"") | V17: =IF(AND($B17<>"",$C17<>"Target state",$C17<>"Exception",$D17="Low",$E17="Medium"),$A17&" "&$B17,"") | W17: =IF(AND($B17<>"",$C17<>"Target state",$C17<>"Exception",$D17="Low",$E17="High"),$A17&" "&$B17,"")
A18: ⑥ | G18: =IF(OR($B18="",$D18="",$E18=""),"",IF(OR($C18="Target state",$C18="Exception"),"Out of scope",IF($D18="Low","No tranche",IF($E18="Low","Tranche 1",IF($E18="Medium","Tranche 2",IF($D18="High","Tranche 3","No tranche")))))) | O18: =IF(AND($B18<>"",$C18<>"Target state",$C18<>"Exception",$D18="High",$E18="Low"),$A18&" "&$B18,"") | P18: =IF(AND($B18<>"",$C18<>"Target state",$C18<>"Exception",$D18="High",$E18="Medium"),$A18&" "&$B18,"") | Q18: =IF(AND($B18<>"",$C18<>"Target state",$C18<>"Exception",$D18="High",$E18="High"),$A18&" "&$B18,"") | R18: =IF(AND($B18<>"",$C18<>"Target state",$C18<>"Exception",$D18="Medium",$E18="Low"),$A18&" "&$B18,"") | S18: =IF(AND($B18<>"",$C18<>"Target state",$C18<>"Exception",$D18="Medium",$E18="Medium"),$A18&" "&$B18,"") | T18: =IF(AND($B18<>"",$C18<>"Target state",$C18<>"Exception",$D18="Medium",$E18="High"),$A18&" "&$B18,"") | U18: =IF(AND($B18<>"",$C18<>"Target state",$C18<>"Exception",$D18="Low",$E18="Low"),$A18&" "&$B18,"") | V18: =IF(AND($B18<>"",$C18<>"Target state",$C18<>"Exception",$D18="Low",$E18="Medium"),$A18&" "&$B18,"") | W18: =IF(AND($B18<>"",$C18<>"Target state",$C18<>"Exception",$D18="Low",$E18="High"),$A18&" "&$B18,"")
A19: ⑦ | G19: =IF(OR($B19="",$D19="",$E19=""),"",IF(OR($C19="Target state",$C19="Exception"),"Out of scope",IF($D19="Low","No tranche",IF($E19="Low","Tranche 1",IF($E19="Medium","Tranche 2",IF($D19="High","Tranche 3","No tranche")))))) | J19: Low | K19: =_xlfn.TEXTJOIN(CHAR(10),TRUE,U$13:U$22) | L19: =_xlfn.TEXTJOIN(CHAR(10),TRUE,V$13:V$22) | M19: =_xlfn.TEXTJOIN(CHAR(10),TRUE,W$13:W$22) | O19: =IF(AND($B19<>"",$C19<>"Target state",$C19<>"Exception",$D19="High",$E19="Low"),$A19&" "&$B19,"") | P19: =IF(AND($B19<>"",$C19<>"Target state",$C19<>"Exception",$D19="High",$E19="Medium"),$A19&" "&$B19,"") | Q19: =IF(AND($B19<>"",$C19<>"Target state",$C19<>"Exception",$D19="High",$E19="High"),$A19&" "&$B19,"") | R19: =IF(AND($B19<>"",$C19<>"Target state",$C19<>"Exception",$D19="Medium",$E19="Low"),$A19&" "&$B19,"") | S19: =IF(AND($B19<>"",$C19<>"Target state",$C19<>"Exception",$D19="Medium",$E19="Medium"),$A19&" "&$B19,"") | T19: =IF(AND($B19<>"",$C19<>"Target state",$C19<>"Exception",$D19="Medium",$E19="High"),$A19&" "&$B19,"") | U19: =IF(AND($B19<>"",$C19<>"Target state",$C19<>"Exception",$D19="Low",$E19="Low"),$A19&" "&$B19,"") | V19: =IF(AND($B19<>"",$C19<>"Target state",$C19<>"Exception",$D19="Low",$E19="Medium"),$A19&" "&$B19,"") | W19: =IF(AND($B19<>"",$C19<>"Target state",$C19<>"Exception",$D19="Low",$E19="High"),$A19&" "&$B19,"")
A20: ⑧ | G20: =IF(OR($B20="",$D20="",$E20=""),"",IF(OR($C20="Target state",$C20="Exception"),"Out of scope",IF($D20="Low","No tranche",IF($E20="Low","Tranche 1",IF($E20="Medium","Tranche 2",IF($D20="High","Tranche 3","No tranche")))))) | O20: =IF(AND($B20<>"",$C20<>"Target state",$C20<>"Exception",$D20="High",$E20="Low"),$A20&" "&$B20,"") | P20: =IF(AND($B20<>"",$C20<>"Target state",$C20<>"Exception",$D20="High",$E20="Medium"),$A20&" "&$B20,"") | Q20: =IF(AND($B20<>"",$C20<>"Target state",$C20<>"Exception",$D20="High",$E20="High"),$A20&" "&$B20,"") | R20: =IF(AND($B20<>"",$C20<>"Target state",$C20<>"Exception",$D20="Medium",$E20="Low"),$A20&" "&$B20,"") | S20: =IF(AND($B20<>"",$C20<>"Target state",$C20<>"Exception",$D20="Medium",$E20="Medium"),$A20&" "&$B20,"") | T20: =IF(AND($B20<>"",$C20<>"Target state",$C20<>"Exception",$D20="Medium",$E20="High"),$A20&" "&$B20,"") | U20: =IF(AND($B20<>"",$C20<>"Target state",$C20<>"Exception",$D20="Low",$E20="Low"),$A20&" "&$B20,"") | V20: =IF(AND($B20<>"",$C20<>"Target state",$C20<>"Exception",$D20="Low",$E20="Medium"),$A20&" "&$B20,"") | W20: =IF(AND($B20<>"",$C20<>"Target state",$C20<>"Exception",$D20="Low",$E20="High"),$A20&" "&$B20,"")
A21: ⑨ | G21: =IF(OR($B21="",$D21="",$E21=""),"",IF(OR($C21="Target state",$C21="Exception"),"Out of scope",IF($D21="Low","No tranche",IF($E21="Low","Tranche 1",IF($E21="Medium","Tranche 2",IF($D21="High","Tranche 3","No tranche")))))) | O21: =IF(AND($B21<>"",$C21<>"Target state",$C21<>"Exception",$D21="High",$E21="Low"),$A21&" "&$B21,"") | P21: =IF(AND($B21<>"",$C21<>"Target state",$C21<>"Exception",$D21="High",$E21="Medium"),$A21&" "&$B21,"") | Q21: =IF(AND($B21<>"",$C21<>"Target state",$C21<>"Exception",$D21="High",$E21="High"),$A21&" "&$B21,"") | R21: =IF(AND($B21<>"",$C21<>"Target state",$C21<>"Exception",$D21="Medium",$E21="Low"),$A21&" "&$B21,"") | S21: =IF(AND($B21<>"",$C21<>"Target state",$C21<>"Exception",$D21="Medium",$E21="Medium"),$A21&" "&$B21,"") | T21: =IF(AND($B21<>"",$C21<>"Target state",$C21<>"Exception",$D21="Medium",$E21="High"),$A21&" "&$B21,"") | U21: =IF(AND($B21<>"",$C21<>"Target state",$C21<>"Exception",$D21="Low",$E21="Low"),$A21&" "&$B21,"") | V21: =IF(AND($B21<>"",$C21<>"Target state",$C21<>"Exception",$D21="Low",$E21="Medium"),$A21&" "&$B21,"") | W21: =IF(AND($B21<>"",$C21<>"Target state",$C21<>"Exception",$D21="Low",$E21="High"),$A21&" "&$B21,"")
A22: ⑩ | G22: =IF(OR($B22="",$D22="",$E22=""),"",IF(OR($C22="Target state",$C22="Exception"),"Out of scope",IF($D22="Low","No tranche",IF($E22="Low","Tranche 1",IF($E22="Medium","Tranche 2",IF($D22="High","Tranche 3","No tranche")))))) | K22: Complexity | O22: =IF(AND($B22<>"",$C22<>"Target state",$C22<>"Exception",$D22="High",$E22="Low"),$A22&" "&$B22,"") | P22: =IF(AND($B22<>"",$C22<>"Target state",$C22<>"Exception",$D22="High",$E22="Medium"),$A22&" "&$B22,"") | Q22: =IF(AND($B22<>"",$C22<>"Target state",$C22<>"Exception",$D22="High",$E22="High"),$A22&" "&$B22,"") | R22: =IF(AND($B22<>"",$C22<>"Target state",$C22<>"Exception",$D22="Medium",$E22="Low"),$A22&" "&$B22,"") | S22: =IF(AND($B22<>"",$C22<>"Target state",$C22<>"Exception",$D22="Medium",$E22="Medium"),$A22&" "&$B22,"") | T22: =IF(AND($B22<>"",$C22<>"Target state",$C22<>"Exception",$D22="Medium",$E22="High"),$A22&" "&$B22,"") | U22: =IF(AND($B22<>"",$C22<>"Target state",$C22<>"Exception",$D22="Low",$E22="Low"),$A22&" "&$B22,"") | V22: =IF(AND($B22<>"",$C22<>"Target state",$C22<>"Exception",$D22="Low",$E22="Medium"),$A22&" "&$B22,"") | W22: =IF(AND($B22<>"",$C22<>"Target state",$C22<>"Exception",$D22="Low",$E22="High"),$A22&" "&$B22,"")
A25: Payment Apps & SDKs | G25: =HYPERLINK("#'Single-in'!A4","▲ tracker") | K25: Assessment Outcome
A26: # | B26: Platform | C26: State | D26: Imperative to exit | E26: Exit complexity | F26: Supporting facts | G26: Tranche (auto) | K26: Low | L26: Medium | M26: High
A27: ① | G27: =IF(OR($B27="",$D27="",$E27=""),"",IF(OR($C27="Target state",$C27="Exception"),"Out of scope",IF($D27="Low","No tranche",IF($E27="Low","Tranche 1",IF($E27="Medium","Tranche 2",IF($D27="High","Tranche 3","No tranche")))))) | I27: Benefits | J27: High | K27: ="Tranche 1"&CHAR(10)&_xlfn.TEXTJOIN(CHAR(10),TRUE,O$27:O$36) | L27: ="Tranche 2"&CHAR(10)&_xlfn.TEXTJOIN(CHAR(10),TRUE,P$27:P$36) | M27: ="Tranche 3"&CHAR(10)&_xlfn.TEXTJOIN(CHAR(10),TRUE,Q$27:Q$36) | O27: =IF(AND($B27<>"",$C27<>"Target state",$C27<>"Exception",$D27="High",$E27="Low"),$A27&" "&$B27,"") | P27: =IF(AND($B27<>"",$C27<>"Target state",$C27<>"Exception",$D27="High",$E27="Medium"),$A27&" "&$B27,"") | Q27: =IF(AND($B27<>"",$C27<>"Target state",$C27<>"Exception",$D27="High",$E27="High"),$A27&" "&$B27,"") | R27: =IF(AND($B27<>"",$C27<>"Target state",$C27<>"Exception",$D27="Medium",$E27="Low"),$A27&" "&$B27,"") | S27: =IF(AND($B27<>"",$C27<>"Target state",$C27<>"Exception",$D27="Medium",$E27="Medium"),$A27&" "&$B27,"") | T27: =IF(AND($B27<>"",$C27<>"Target state",$C27<>"Exception",$D27="Medium",$E27="High"),$A27&" "&$B27,"") | U27: =IF(AND($B27<>"",$C27<>"Target state",$C27<>"Exception",$D27="Low",$E27="Low"),$A27&" "&$B27,"") | V27: =IF(AND($B27<>"",$C27<>"Target state",$C27<>"Exception",$D27="Low",$E27="Medium"),$A27&" "&$B27,"") | W27: =IF(AND($B27<>"",$C27<>"Target state",$C27<>"Exception",$D27="Low",$E27="High"),$A27&" "&$B27,"")
A28: ② | G28: =IF(OR($B28="",$D28="",$E28=""),"",IF(OR($C28="Target state",$C28="Exception"),"Out of scope",IF($D28="Low","No tranche",IF($E28="Low","Tranche 1",IF($E28="Medium","Tranche 2",IF($D28="High","Tranche 3","No tranche")))))) | O28: =IF(AND($B28<>"",$C28<>"Target state",$C28<>"Exception",$D28="High",$E28="Low"),$A28&" "&$B28,"") | P28: =IF(AND($B28<>"",$C28<>"Target state",$C28<>"Exception",$D28="High",$E28="Medium"),$A28&" "&$B28,"") | Q28: =IF(AND($B28<>"",$C28<>"Target state",$C28<>"Exception",$D28="High",$E28="High"),$A28&" "&$B28,"") | R28: =IF(AND($B28<>"",$C28<>"Target state",$C28<>"Exception",$D28="Medium",$E28="Low"),$A28&" "&$B28,"") | S28: =IF(AND($B28<>"",$C28<>"Target state",$C28<>"Exception",$D28="Medium",$E28="Medium"),$A28&" "&$B28,"") | T28: =IF(AND($B28<>"",$C28<>"Target state",$C28<>"Exception",$D28="Medium",$E28="High"),$A28&" "&$B28,"") | U28: =IF(AND($B28<>"",$C28<>"Target state",$C28<>"Exception",$D28="Low",$E28="Low"),$A28&" "&$B28,"") | V28: =IF(AND($B28<>"",$C28<>"Target state",$C28<>"Exception",$D28="Low",$E28="Medium"),$A28&" "&$B28,"") | W28: =IF(AND($B28<>"",$C28<>"Target state",$C28<>"Exception",$D28="Low",$E28="High"),$A28&" "&$B28,"")
A29: ③ | G29: =IF(OR($B29="",$D29="",$E29=""),"",IF(OR($C29="Target state",$C29="Exception"),"Out of scope",IF($D29="Low","No tranche",IF($E29="Low","Tranche 1",IF($E29="Medium","Tranche 2",IF($D29="High","Tranche 3","No tranche")))))) | O29: =IF(AND($B29<>"",$C29<>"Target state",$C29<>"Exception",$D29="High",$E29="Low"),$A29&" "&$B29,"") | P29: =IF(AND($B29<>"",$C29<>"Target state",$C29<>"Exception",$D29="High",$E29="Medium"),$A29&" "&$B29,"") | Q29: =IF(AND($B29<>"",$C29<>"Target state",$C29<>"Exception",$D29="High",$E29="High"),$A29&" "&$B29,"") | R29: =IF(AND($B29<>"",$C29<>"Target state",$C29<>"Exception",$D29="Medium",$E29="Low"),$A29&" "&$B29,"") | S29: =IF(AND($B29<>"",$C29<>"Target state",$C29<>"Exception",$D29="Medium",$E29="Medium"),$A29&" "&$B29,"") | T29: =IF(AND($B29<>"",$C29<>"Target state",$C29<>"Exception",$D29="Medium",$E29="High"),$A29&" "&$B29,"") | U29: =IF(AND($B29<>"",$C29<>"Target state",$C29<>"Exception",$D29="Low",$E29="Low"),$A29&" "&$B29,"") | V29: =IF(AND($B29<>"",$C29<>"Target state",$C29<>"Exception",$D29="Low",$E29="Medium"),$A29&" "&$B29,"") | W29: =IF(AND($B29<>"",$C29<>"Target state",$C29<>"Exception",$D29="Low",$E29="High"),$A29&" "&$B29,"")
A30: ④ | G30: =IF(OR($B30="",$D30="",$E30=""),"",IF(OR($C30="Target state",$C30="Exception"),"Out of scope",IF($D30="Low","No tranche",IF($E30="Low","Tranche 1",IF($E30="Medium","Tranche 2",IF($D30="High","Tranche 3","No tranche")))))) | J30: Medium | K30: ="Tranche 1"&CHAR(10)&_xlfn.TEXTJOIN(CHAR(10),TRUE,R$27:R$36) | L30: ="Tranche 2"&CHAR(10)&_xlfn.TEXTJOIN(CHAR(10),TRUE,S$27:S$36) | M30: =_xlfn.TEXTJOIN(CHAR(10),TRUE,T$27:T$36) | O30: =IF(AND($B30<>"",$C30<>"Target state",$C30<>"Exception",$D30="High",$E30="Low"),$A30&" "&$B30,"") | P30: =IF(AND($B30<>"",$C30<>"Target state",$C30<>"Exception",$D30="High",$E30="Medium"),$A30&" "&$B30,"") | Q30: =IF(AND($B30<>"",$C30<>"Target state",$C30<>"Exception",$D30="High",$E30="High"),$A30&" "&$B30,"") | R30: =IF(AND($B30<>"",$C30<>"Target state",$C30<>"Exception",$D30="Medium",$E30="Low"),$A30&" "&$B30,"") | S30: =IF(AND($B30<>"",$C30<>"Target state",$C30<>"Exception",$D30="Medium",$E30="Medium"),$A30&" "&$B30,"") | T30: =IF(AND($B30<>"",$C30<>"Target state",$C30<>"Exception",$D30="Medium",$E30="High"),$A30&" "&$B30,"") | U30: =IF(AND($B30<>"",$C30<>"Target state",$C30<>"Exception",$D30="Low",$E30="Low"),$A30&" "&$B30,"") | V30: =IF(AND($B30<>"",$C30<>"Target state",$C30<>"Exception",$D30="Low",$E30="Medium"),$A30&" "&$B30,"") | W30: =IF(AND($B30<>"",$C30<>"Target state",$C30<>"Exception",$D30="Low",$E30="High"),$A30&" "&$B30,"")
A31: ⑤ | G31: =IF(OR($B31="",$D31="",$E31=""),"",IF(OR($C31="Target state",$C31="Exception"),"Out of scope",IF($D31="Low","No tranche",IF($E31="Low","Tranche 1",IF($E31="Medium","Tranche 2",IF($D31="High","Tranche 3","No tranche")))))) | O31: =IF(AND($B31<>"",$C31<>"Target state",$C31<>"Exception",$D31="High",$E31="Low"),$A31&" "&$B31,"") | P31: =IF(AND($B31<>"",$C31<>"Target state",$C31<>"Exception",$D31="High",$E31="Medium"),$A31&" "&$B31,"") | Q31: =IF(AND($B31<>"",$C31<>"Target state",$C31<>"Exception",$D31="High",$E31="High"),$A31&" "&$B31,"") | R31: =IF(AND($B31<>"",$C31<>"Target state",$C31<>"Exception",$D31="Medium",$E31="Low"),$A31&" "&$B31,"") | S31: =IF(AND($B31<>"",$C31<>"Target state",$C31<>"Exception",$D31="Medium",$E31="Medium"),$A31&" "&$B31,"") | T31: =IF(AND($B31<>"",$C31<>"Target state",$C31<>"Exception",$D31="Medium",$E31="High"),$A31&" "&$B31,"") | U31: =IF(AND($B31<>"",$C31<>"Target state",$C31<>"Exception",$D31="Low",$E31="Low"),$A31&" "&$B31,"") | V31: =IF(AND($B31<>"",$C31<>"Target state",$C31<>"Exception",$D31="Low",$E31="Medium"),$A31&" "&$B31,"") | W31: =IF(AND($B31<>"",$C31<>"Target state",$C31<>"Exception",$D31="Low",$E31="High"),$A31&" "&$B31,"")
A32: ⑥ | G32: =IF(OR($B32="",$D32="",$E32=""),"",IF(OR($C32="Target state",$C32="Exception"),"Out of scope",IF($D32="Low","No tranche",IF($E32="Low","Tranche 1",IF($E32="Medium","Tranche 2",IF($D32="High","Tranche 3","No tranche")))))) | O32: =IF(AND($B32<>"",$C32<>"Target state",$C32<>"Exception",$D32="High",$E32="Low"),$A32&" "&$B32,"") | P32: =IF(AND($B32<>"",$C32<>"Target state",$C32<>"Exception",$D32="High",$E32="Medium"),$A32&" "&$B32,"") | Q32: =IF(AND($B32<>"",$C32<>"Target state",$C32<>"Exception",$D32="High",$E32="High"),$A32&" "&$B32,"") | R32: =IF(AND($B32<>"",$C32<>"Target state",$C32<>"Exception",$D32="Medium",$E32="Low"),$A32&" "&$B32,"") | S32: =IF(AND($B32<>"",$C32<>"Target state",$C32<>"Exception",$D32="Medium",$E32="Medium"),$A32&" "&$B32,"") | T32: =IF(AND($B32<>"",$C32<>"Target state",$C32<>"Exception",$D32="Medium",$E32="High"),$A32&" "&$B32,"") | U32: =IF(AND($B32<>"",$C32<>"Target state",$C32<>"Exception",$D32="Low",$E32="Low"),$A32&" "&$B32,"") | V32: =IF(AND($B32<>"",$C32<>"Target state",$C32<>"Exception",$D32="Low",$E32="Medium"),$A32&" "&$B32,"") | W32: =IF(AND($B32<>"",$C32<>"Target state",$C32<>"Exception",$D32="Low",$E32="High"),$A32&" "&$B32,"")
A33: ⑦ | G33: =IF(OR($B33="",$D33="",$E33=""),"",IF(OR($C33="Target state",$C33="Exception"),"Out of scope",IF($D33="Low","No tranche",IF($E33="Low","Tranche 1",IF($E33="Medium","Tranche 2",IF($D33="High","Tranche 3","No tranche")))))) | J33: Low | K33: =_xlfn.TEXTJOIN(CHAR(10),TRUE,U$27:U$36) | L33: =_xlfn.TEXTJOIN(CHAR(10),TRUE,V$27:V$36) | M33: =_xlfn.TEXTJOIN(CHAR(10),TRUE,W$27:W$36) | O33: =IF(AND($B33<>"",$C33<>"Target state",$C33<>"Exception",$D33="High",$E33="Low"),$A33&" "&$B33,"") | P33: =IF(AND($B33<>"",$C33<>"Target state",$C33<>"Exception",$D33="High",$E33="Medium"),$A33&" "&$B33,"") | Q33: =IF(AND($B33<>"",$C33<>"Target state",$C33<>"Exception",$D33="High",$E33="High"),$A33&" "&$B33,"") | R33: =IF(AND($B33<>"",$C33<>"Target state",$C33<>"Exception",$D33="Medium",$E33="Low"),$A33&" "&$B33,"") | S33: =IF(AND($B33<>"",$C33<>"Target state",$C33<>"Exception",$D33="Medium",$E33="Medium"),$A33&" "&$B33,"") | T33: =IF(AND($B33<>"",$C33<>"Target state",$C33<>"Exception",$D33="Medium",$E33="High"),$A33&" "&$B33,"") | U33: =IF(AND($B33<>"",$C33<>"Target state",$C33<>"Exception",$D33="Low",$E33="Low"),$A33&" "&$B33,"") | V33: =IF(AND($B33<>"",$C33<>"Target state",$C33<>"Exception",$D33="Low",$E33="Medium"),$A33&" "&$B33,"") | W33: =IF(AND($B33<>"",$C33<>"Target state",$C33<>"Exception",$D33="Low",$E33="High"),$A33&" "&$B33,"")
A34: ⑧ | G34: =IF(OR($B34="",$D34="",$E34=""),"",IF(OR($C34="Target state",$C34="Exception"),"Out of scope",IF($D34="Low","No tranche",IF($E34="Low","Tranche 1",IF($E34="Medium","Tranche 2",IF($D34="High","Tranche 3","No tranche")))))) | O34: =IF(AND($B34<>"",$C34<>"Target state",$C34<>"Exception",$D34="High",$E34="Low"),$A34&" "&$B34,"") | P34: =IF(AND($B34<>"",$C34<>"Target state",$C34<>"Exception",$D34="High",$E34="Medium"),$A34&" "&$B34,"") | Q34: =IF(AND($B34<>"",$C34<>"Target state",$C34<>"Exception",$D34="High",$E34="High"),$A34&" "&$B34,"") | R34: =IF(AND($B34<>"",$C34<>"Target state",$C34<>"Exception",$D34="Medium",$E34="Low"),$A34&" "&$B34,"") | S34: =IF(AND($B34<>"",$C34<>"Target state",$C34<>"Exception",$D34="Medium",$E34="Medium"),$A34&" "&$B34,"") | T34: =IF(AND($B34<>"",$C34<>"Target state",$C34<>"Exception",$D34="Medium",$E34="High"),$A34&" "&$B34,"") | U34: =IF(AND($B34<>"",$C34<>"Target state",$C34<>"Exception",$D34="Low",$E34="Low"),$A34&" "&$B34,"") | V34: =IF(AND($B34<>"",$C34<>"Target state",$C34<>"Exception",$D34="Low",$E34="Medium"),$A34&" "&$B34,"") | W34: =IF(AND($B34<>"",$C34<>"Target state",$C34<>"Exception",$D34="Low",$E34="High"),$A34&" "&$B34,"")
A35: ⑨ | G35: =IF(OR($B35="",$D35="",$E35=""),"",IF(OR($C35="Target state",$C35="Exception"),"Out of scope",IF($D35="Low","No tranche",IF($E35="Low","Tranche 1",IF($E35="Medium","Tranche 2",IF($D35="High","Tranche 3","No tranche")))))) | O35: =IF(AND($B35<>"",$C35<>"Target state",$C35<>"Exception",$D35="High",$E35="Low"),$A35&" "&$B35,"") | P35: =IF(AND($B35<>"",$C35<>"Target state",$C35<>"Exception",$D35="High",$E35="Medium"),$A35&" "&$B35,"") | Q35: =IF(AND($B35<>"",$C35<>"Target state",$C35<>"Exception",$D35="High",$E35="High"),$A35&" "&$B35,"") | R35: =IF(AND($B35<>"",$C35<>"Target state",$C35<>"Exception",$D35="Medium",$E35="Low"),$A35&" "&$B35,"") | S35: =IF(AND($B35<>"",$C35<>"Target state",$C35<>"Exception",$D35="Medium",$E35="Medium"),$A35&" "&$B35,"") | T35: =IF(AND($B35<>"",$C35<>"Target state",$C35<>"Exception",$D35="Medium",$E35="High"),$A35&" "&$B35,"") | U35: =IF(AND($B35<>"",$C35<>"Target state",$C35<>"Exception",$D35="Low",$E35="Low"),$A35&" "&$B35,"") | V35: =IF(AND($B35<>"",$C35<>"Target state",$C35<>"Exception",$D35="Low",$E35="Medium"),$A35&" "&$B35,"") | W35: =IF(AND($B35<>"",$C35<>"Target state",$C35<>"Exception",$D35="Low",$E35="High"),$A35&" "&$B35,"")
A36: ⑩ | G36: =IF(OR($B36="",$D36="",$E36=""),"",IF(OR($C36="Target state",$C36="Exception"),"Out of scope",IF($D36="Low","No tranche",IF($E36="Low","Tranche 1",IF($E36="Medium","Tranche 2",IF($D36="High","Tranche 3","No tranche")))))) | K36: Complexity | O36: =IF(AND($B36<>"",$C36<>"Target state",$C36<>"Exception",$D36="High",$E36="Low"),$A36&" "&$B36,"") | P36: =IF(AND($B36<>"",$C36<>"Target state",$C36<>"Exception",$D36="High",$E36="Medium"),$A36&" "&$B36,"") | Q36: =IF(AND($B36<>"",$C36<>"Target state",$C36<>"Exception",$D36="High",$E36="High"),$A36&" "&$B36,"") | R36: =IF(AND($B36<>"",$C36<>"Target state",$C36<>"Exception",$D36="Medium",$E36="Low"),$A36&" "&$B36,"") | S36: =IF(AND($B36<>"",$C36<>"Target state",$C36<>"Exception",$D36="Medium",$E36="Medium"),$A36&" "&$B36,"") | T36: =IF(AND($B36<>"",$C36<>"Target state",$C36<>"Exception",$D36="Medium",$E36="High"),$A36&" "&$B36,"") | U36: =IF(AND($B36<>"",$C36<>"Target state",$C36<>"Exception",$D36="Low",$E36="Low"),$A36&" "&$B36,"") | V36: =IF(AND($B36<>"",$C36<>"Target state",$C36<>"Exception",$D36="Low",$E36="Medium"),$A36&" "&$B36,"") | W36: =IF(AND($B36<>"",$C36<>"Target state",$C36<>"Exception",$D36="Low",$E36="High"),$A36&" "&$B36,"")
A39: Developer Experience | G39: =HYPERLINK("#'Single-in'!A4","▲ tracker") | K39: Assessment Outcome
A40: # | B40: Platform | C40: State | D40: Imperative to exit | E40: Exit complexity | F40: Supporting facts | G40: Tranche (auto) | K40: Low | L40: Medium | M40: High
A41: ① | G41: =IF(OR($B41="",$D41="",$E41=""),"",IF(OR($C41="Target state",$C41="Exception"),"Out of scope",IF($D41="Low","No tranche",IF($E41="Low","Tranche 1",IF($E41="Medium","Tranche 2",IF($D41="High","Tranche 3","No tranche")))))) | I41: Benefits | J41: High | K41: ="Tranche 1"&CHAR(10)&_xlfn.TEXTJOIN(CHAR(10),TRUE,O$41:O$50) | L41: ="Tranche 2"&CHAR(10)&_xlfn.TEXTJOIN(CHAR(10),TRUE,P$41:P$50) | M41: ="Tranche 3"&CHAR(10)&_xlfn.TEXTJOIN(CHAR(10),TRUE,Q$41:Q$50) | O41: =IF(AND($B41<>"",$C41<>"Target state",$C41<>"Exception",$D41="High",$E41="Low"),$A41&" "&$B41,"") | P41: =IF(AND($B41<>"",$C41<>"Target state",$C41<>"Exception",$D41="High",$E41="Medium"),$A41&" "&$B41,"") | Q41: =IF(AND($B41<>"",$C41<>"Target state",$C41<>"Exception",$D41="High",$E41="High"),$A41&" "&$B41,"") | R41: =IF(AND($B41<>"",$C41<>"Target state",$C41<>"Exception",$D41="Medium",$E41="Low"),$A41&" "&$B41,"") | S41: =IF(AND($B41<>"",$C41<>"Target state",$C41<>"Exception",$D41="Medium",$E41="Medium"),$A41&" "&$B41,"") | T41: =IF(AND($B41<>"",$C41<>"Target state",$C41<>"Exception",$D41="Medium",$E41="High"),$A41&" "&$B41,"") | U41: =IF(AND($B41<>"",$C41<>"Target state",$C41<>"Exception",$D41="Low",$E41="Low"),$A41&" "&$B41,"") | V41: =IF(AND($B41<>"",$C41<>"Target state",$C41<>"Exception",$D41="Low",$E41="Medium"),$A41&" "&$B41,"") | W41: =IF(AND($B41<>"",$C41<>"Target state",$C41<>"Exception",$D41="Low",$E41="High"),$A41&" "&$B41,"")
A42: ② | G42: =IF(OR($B42="",$D42="",$E42=""),"",IF(OR($C42="Target state",$C42="Exception"),"Out of scope",IF($D42="Low","No tranche",IF($E42="Low","Tranche 1",IF($E42="Medium","Tranche 2",IF($D42="High","Tranche 3","No tranche")))))) | O42: =IF(AND($B42<>"",$C42<>"Target state",$C42<>"Exception",$D42="High",$E42="Low"),$A42&" "&$B42,"") | P42: =IF(AND($B42<>"",$C42<>"Target state",$C42<>"Exception",$D42="High",$E42="Medium"),$A42&" "&$B42,"") | Q42: =IF(AND($B42<>"",$C42<>"Target state",$C42<>"Exception",$D42="High",$E42="High"),$A42&" "&$B42,"") | R42: =IF(AND($B42<>"",$C42<>"Target state",$C42<>"Exception",$D42="Medium",$E42="Low"),$A42&" "&$B42,"") | S42: =IF(AND($B42<>"",$C42<>"Target state",$C42<>"Exception",$D42="Medium",$E42="Medium"),$A42&" "&$B42,"") | T42: =IF(AND($B42<>"",$C42<>"Target state",$C42<>"Exception",$D42="Medium",$E42="High"),$A42&" "&$B42,"") | U42: =IF(AND($B42<>"",$C42<>"Target state",$C42<>"Exception",$D42="Low",$E42="Low"),$A42&" "&$B42,"") | V42: =IF(AND($B42<>"",$C42<>"Target state",$C42<>"Exception",$D42="Low",$E42="Medium"),$A42&" "&$B42,"") | W42: =IF(AND($B42<>"",$C42<>"Target state",$C42<>"Exception",$D42="Low",$E42="High"),$A42&" "&$B42,"")
A43: ③ | G43: =IF(OR($B43="",$D43="",$E43=""),"",IF(OR($C43="Target state",$C43="Exception"),"Out of scope",IF($D43="Low","No tranche",IF($E43="Low","Tranche 1",IF($E43="Medium","Tranche 2",IF($D43="High","Tranche 3","No tranche")))))) | O43: =IF(AND($B43<>"",$C43<>"Target state",$C43<>"Exception",$D43="High",$E43="Low"),$A43&" "&$B43,"") | P43: =IF(AND($B43<>"",$C43<>"Target state",$C43<>"Exception",$D43="High",$E43="Medium"),$A43&" "&$B43,"") | Q43: =IF(AND($B43<>"",$C43<>"Target state",$C43<>"Exception",$D43="High",$E43="High"),$A43&" "&$B43,"") | R43: =IF(AND($B43<>"",$C43<>"Target state",$C43<>"Exception",$D43="Medium",$E43="Low"),$A43&" "&$B43,"") | S43: =IF(AND($B43<>"",$C43<>"Target state",$C43<>"Exception",$D43="Medium",$E43="Medium"),$A43&" "&$B43,"") | T43: =IF(AND($B43<>"",$C43<>"Target state",$C43<>"Exception",$D43="Medium",$E43="High"),$A43&" "&$B43,"") | U43: =IF(AND($B43<>"",$C43<>"Target state",$C43<>"Exception",$D43="Low",$E43="Low"),$A43&" "&$B43,"") | V43: =IF(AND($B43<>"",$C43<>"Target state",$C43<>"Exception",$D43="Low",$E43="Medium"),$A43&" "&$B43,"") | W43: =IF(AND($B43<>"",$C43<>"Target state",$C43<>"Exception",$D43="Low",$E43="High"),$A43&" "&$B43,"")
A44: ④ | G44: =IF(OR($B44="",$D44="",$E44=""),"",IF(OR($C44="Target state",$C44="Exception"),"Out of scope",IF($D44="Low","No tranche",IF($E44="Low","Tranche 1",IF($E44="Medium","Tranche 2",IF($D44="High","Tranche 3","No tranche")))))) | J44: Medium | K44: ="Tranche 1"&CHAR(10)&_xlfn.TEXTJOIN(CHAR(10),TRUE,R$41:R$50) | L44: ="Tranche 2"&CHAR(10)&_xlfn.TEXTJOIN(CHAR(10),TRUE,S$41:S$50) | M44: =_xlfn.TEXTJOIN(CHAR(10),TRUE,T$41:T$50) | O44: =IF(AND($B44<>"",$C44<>"Target state",$C44<>"Exception",$D44="High",$E44="Low"),$A44&" "&$B44,"") | P44: =IF(AND($B44<>"",$C44<>"Target state",$C44<>"Exception",$D44="High",$E44="Medium"),$A44&" "&$B44,"") | Q44: =IF(AND($B44<>"",$C44<>"Target state",$C44<>"Exception",$D44="High",$E44="High"),$A44&" "&$B44,"") | R44: =IF(AND($B44<>"",$C44<>"Target state",$C44<>"Exception",$D44="Medium",$E44="Low"),$A44&" "&$B44,"") | S44: =IF(AND($B44<>"",$C44<>"Target state",$C44<>"Exception",$D44="Medium",$E44="Medium"),$A44&" "&$B44,"") | T44: =IF(AND($B44<>"",$C44<>"Target state",$C44<>"Exception",$D44="Medium",$E44="High"),$A44&" "&$B44,"") | U44: =IF(AND($B44<>"",$C44<>"Target state",$C44<>"Exception",$D44="Low",$E44="Low"),$A44&" "&$B44,"") | V44: =IF(AND($B44<>"",$C44<>"Target state",$C44<>"Exception",$D44="Low",$E44="Medium"),$A44&" "&$B44,"") | W44: =IF(AND($B44<>"",$C44<>"Target state",$C44<>"Exception",$D44="Low",$E44="High"),$A44&" "&$B44,"")
A45: ⑤ | G45: =IF(OR($B45="",$D45="",$E45=""),"",IF(OR($C45="Target state",$C45="Exception"),"Out of scope",IF($D45="Low","No tranche",IF($E45="Low","Tranche 1",IF($E45="Medium","Tranche 2",IF($D45="High","Tranche 3","No tranche")))))) | O45: =IF(AND($B45<>"",$C45<>"Target state",$C45<>"Exception",$D45="High",$E45="Low"),$A45&" "&$B45,"") | P45: =IF(AND($B45<>"",$C45<>"Target state",$C45<>"Exception",$D45="High",$E45="Medium"),$A45&" "&$B45,"") | Q45: =IF(AND($B45<>"",$C45<>"Target state",$C45<>"Exception",$D45="High",$E45="High"),$A45&" "&$B45,"") | R45: =IF(AND($B45<>"",$C45<>"Target state",$C45<>"Exception",$D45="Medium",$E45="Low"),$A45&" "&$B45,"") | S45: =IF(AND($B45<>"",$C45<>"Target state",$C45<>"Exception",$D45="Medium",$E45="Medium"),$A45&" "&$B45,"") | T45: =IF(AND($B45<>"",$C45<>"Target state",$C45<>"Exception",$D45="Medium",$E45="High"),$A45&" "&$B45,"") | U45: =IF(AND($B45<>"",$C45<>"Target state",$C45<>"Exception",$D45="Low",$E45="Low"),$A45&" "&$B45,"") | V45: =IF(AND($B45<>"",$C45<>"Target state",$C45<>"Exception",$D45="Low",$E45="Medium"),$A45&" "&$B45,"") | W45: =IF(AND($B45<>"",$C45<>"Target state",$C45<>"Exception",$D45="Low",$E45="High"),$A45&" "&$B45,"")
A46: ⑥ | G46: =IF(OR($B46="",$D46="",$E46=""),"",IF(OR($C46="Target state",$C46="Exception"),"Out of scope",IF($D46="Low","No tranche",IF($E46="Low","Tranche 1",IF($E46="Medium","Tranche 2",IF($D46="High","Tranche 3","No tranche")))))) | O46: =IF(AND($B46<>"",$C46<>"Target state",$C46<>"Exception",$D46="High",$E46="Low"),$A46&" "&$B46,"") | P46: =IF(AND($B46<>"",$C46<>"Target state",$C46<>"Exception",$D46="High",$E46="Medium"),$A46&" "&$B46,"") | Q46: =IF(AND($B46<>"",$C46<>"Target state",$C46<>"Exception",$D46="High",$E46="High"),$A46&" "&$B46,"") | R46: =IF(AND($B46<>"",$C46<>"Target state",$C46<>"Exception",$D46="Medium",$E46="Low"),$A46&" "&$B46,"") | S46: =IF(AND($B46<>"",$C46<>"Target state",$C46<>"Exception",$D46="Medium",$E46="Medium"),$A46&" "&$B46,"") | T46: =IF(AND($B46<>"",$C46<>"Target state",$C46<>"Exception",$D46="Medium",$E46="High"),$A46&" "&$B46,"") | U46: =IF(AND($B46<>"",$C46<>"Target state",$C46<>"Exception",$D46="Low",$E46="Low"),$A46&" "&$B46,"") | V46: =IF(AND($B46<>"",$C46<>"Target state",$C46<>"Exception",$D46="Low",$E46="Medium"),$A46&" "&$B46,"") | W46: =IF(AND($B46<>"",$C46<>"Target state",$C46<>"Exception",$D46="Low",$E46="High"),$A46&" "&$B46,"")
A47: ⑦ | G47: =IF(OR($B47="",$D47="",$E47=""),"",IF(OR($C47="Target state",$C47="Exception"),"Out of scope",IF($D47="Low","No tranche",IF($E47="Low","Tranche 1",IF($E47="Medium","Tranche 2",IF($D47="High","Tranche 3","No tranche")))))) | J47: Low | K47: =_xlfn.TEXTJOIN(CHAR(10),TRUE,U$41:U$50) | L47: =_xlfn.TEXTJOIN(CHAR(10),TRUE,V$41:V$50) | M47: =_xlfn.TEXTJOIN(CHAR(10),TRUE,W$41:W$50) | O47: =IF(AND($B47<>"",$C47<>"Target state",$C47<>"Exception",$D47="High",$E47="Low"),$A47&" "&$B47,"") | P47: =IF(AND($B47<>"",$C47<>"Target state",$C47<>"Exception",$D47="High",$E47="Medium"),$A47&" "&$B47,"") | Q47: =IF(AND($B47<>"",$C47<>"Target state",$C47<>"Exception",$D47="High",$E47="High"),$A47&" "&$B47,"") | R47: =IF(AND($B47<>"",$C47<>"Target state",$C47<>"Exception",$D47="Medium",$E47="Low"),$A47&" "&$B47,"") | S47: =IF(AND($B47<>"",$C47<>"Target state",$C47<>"Exception",$D47="Medium",$E47="Medium"),$A47&" "&$B47,"") | T47: =IF(AND($B47<>"",$C47<>"Target state",$C47<>"Exception",$D47="Medium",$E47="High"),$A47&" "&$B47,"") | U47: =IF(AND($B47<>"",$C47<>"Target state",$C47<>"Exception",$D47="Low",$E47="Low"),$A47&" "&$B47,"") | V47: =IF(AND($B47<>"",$C47<>"Target state",$C47<>"Exception",$D47="Low",$E47="Medium"),$A47&" "&$B47,"") | W47: =IF(AND($B47<>"",$C47<>"Target state",$C47<>"Exception",$D47="Low",$E47="High"),$A47&" "&$B47,"")
A48: ⑧ | G48: =IF(OR($B48="",$D48="",$E48=""),"",IF(OR($C48="Target state",$C48="Exception"),"Out of scope",IF($D48="Low","No tranche",IF($E48="Low","Tranche 1",IF($E48="Medium","Tranche 2",IF($D48="High","Tranche 3","No tranche")))))) | O48: =IF(AND($B48<>"",$C48<>"Target state",$C48<>"Exception",$D48="High",$E48="Low"),$A48&" "&$B48,"") | P48: =IF(AND($B48<>"",$C48<>"Target state",$C48<>"Exception",$D48="High",$E48="Medium"),$A48&" "&$B48,"") | Q48: =IF(AND($B48<>"",$C48<>"Target state",$C48<>"Exception",$D48="High",$E48="High"),$A48&" "&$B48,"") | R48: =IF(AND($B48<>"",$C48<>"Target state",$C48<>"Exception",$D48="Medium",$E48="Low"),$A48&" "&$B48,"") | S48: =IF(AND($B48<>"",$C48<>"Target state",$C48<>"Exception",$D48="Medium",$E48="Medium"),$A48&" "&$B48,"") | T48: =IF(AND($B48<>"",$C48<>"Target state",$C48<>"Exception",$D48="Medium",$E48="High"),$A48&" "&$B48,"") | U48: =IF(AND($B48<>"",$C48<>"Target state",$C48<>"Exception",$D48="Low",$E48="Low"),$A48&" "&$B48,"") | V48: =IF(AND($B48<>"",$C48<>"Target state",$C48<>"Exception",$D48="Low",$E48="Medium"),$A48&" "&$B48,"") | W48: =IF(AND($B48<>"",$C48<>"Target state",$C48<>"Exception",$D48="Low",$E48="High"),$A48&" "&$B48,"")
A49: ⑨ | G49: =IF(OR($B49="",$D49="",$E49=""),"",IF(OR($C49="Target state",$C49="Exception"),"Out of scope",IF($D49="Low","No tranche",IF($E49="Low","Tranche 1",IF($E49="Medium","Tranche 2",IF($D49="High","Tranche 3","No tranche")))))) | O49: =IF(AND($B49<>"",$C49<>"Target state",$C49<>"Exception",$D49="High",$E49="Low"),$A49&" "&$B49,"") | P49: =IF(AND($B49<>"",$C49<>"Target state",$C49<>"Exception",$D49="High",$E49="Medium"),$A49&" "&$B49,"") | Q49: =IF(AND($B49<>"",$C49<>"Target state",$C49<>"Exception",$D49="High",$E49="High"),$A49&" "&$B49,"") | R49: =IF(AND($B49<>"",$C49<>"Target state",$C49<>"Exception",$D49="Medium",$E49="Low"),$A49&" "&$B49,"") | S49: =IF(AND($B49<>"",$C49<>"Target state",$C49<>"Exception",$D49="Medium",$E49="Medium"),$A49&" "&$B49,"") | T49: =IF(AND($B49<>"",$C49<>"Target state",$C49<>"Exception",$D49="Medium",$E49="High"),$A49&" "&$B49,"") | U49: =IF(AND($B49<>"",$C49<>"Target state",$C49<>"Exception",$D49="Low",$E49="Low"),$A49&" "&$B49,"") | V49: =IF(AND($B49<>"",$C49<>"Target state",$C49<>"Exception",$D49="Low",$E49="Medium"),$A49&" "&$B49,"") | W49: =IF(AND($B49<>"",$C49<>"Target state",$C49<>"Exception",$D49="Low",$E49="High"),$A49&" "&$B49,"")
A50: ⑩ | G50: =IF(OR($B50="",$D50="",$E50=""),"",IF(OR($C50="Target state",$C50="Exception"),"Out of scope",IF($D50="Low","No tranche",IF($E50="Low","Tranche 1",IF($E50="Medium","Tranche 2",IF($D50="High","Tranche 3","No tranche")))))) | K50: Complexity | O50: =IF(AND($B50<>"",$C50<>"Target state",$C50<>"Exception",$D50="High",$E50="Low"),$A50&" "&$B50,"") | P50: =IF(AND($B50<>"",$C50<>"Target state",$C50<>"Exception",$D50="High",$E50="Medium"),$A50&" "&$B50,"") | Q50: =IF(AND($B50<>"",$C50<>"Target state",$C50<>"Exception",$D50="High",$E50="High"),$A50&" "&$B50,"") | R50: =IF(AND($B50<>"",$C50<>"Target state",$C50<>"Exception",$D50="Medium",$E50="Low"),$A50&" "&$B50,"") | S50: =IF(AND($B50<>"",$C50<>"Target state",$C50<>"Exception",$D50="Medium",$E50="Medium"),$A50&" "&$B50,"") | T50: =IF(AND($B50<>"",$C50<>"Target state",$C50<>"Exception",$D50="Medium",$E50="High"),$A50&" "&$B50,"") | U50: =IF(AND($B50<>"",$C50<>"Target state",$C50<>"Exception",$D50="Low",$E50="Low"),$A50&" "&$B50,"") | V50: =IF(AND($B50<>"",$C50<>"Target state",$C50<>"Exception",$D50="Low",$E50="Medium"),$A50&" "&$B50,"") | W50: =IF(AND($B50<>"",$C50<>"Target state",$C50<>"Exception",$D50="Low",$E50="High"),$A50&" "&$B50,"")
A53: Hosted Solutions | G53: =HYPERLINK("#'Single-in'!A4","▲ tracker") | K53: Assessment Outcome
A54: # | B54: Platform | C54: State | D54: Imperative to exit | E54: Exit complexity | F54: Supporting facts | G54: Tranche (auto) | K54: Low | L54: Medium | M54: High
A55: ① | G55: =IF(OR($B55="",$D55="",$E55=""),"",IF(OR($C55="Target state",$C55="Exception"),"Out of scope",IF($D55="Low","No tranche",IF($E55="Low","Tranche 1",IF($E55="Medium","Tranche 2",IF($D55="High","Tranche 3","No tranche")))))) | I55: Benefits | J55: High | K55: ="Tranche 1"&CHAR(10)&_xlfn.TEXTJOIN(CHAR(10),TRUE,O$55:O$64) | L55: ="Tranche 2"&CHAR(10)&_xlfn.TEXTJOIN(CHAR(10),TRUE,P$55:P$64) | M55: ="Tranche 3"&CHAR(10)&_xlfn.TEXTJOIN(CHAR(10),TRUE,Q$55:Q$64) | O55: =IF(AND($B55<>"",$C55<>"Target state",$C55<>"Exception",$D55="High",$E55="Low"),$A55&" "&$B55,"") | P55: =IF(AND($B55<>"",$C55<>"Target state",$C55<>"Exception",$D55="High",$E55="Medium"),$A55&" "&$B55,"") | Q55: =IF(AND($B55<>"",$C55<>"Target state",$C55<>"Exception",$D55="High",$E55="High"),$A55&" "&$B55,"") | R55: =IF(AND($B55<>"",$C55<>"Target state",$C55<>"Exception",$D55="Medium",$E55="Low"),$A55&" "&$B55,"") | S55: =IF(AND($B55<>"",$C55<>"Target state",$C55<>"Exception",$D55="Medium",$E55="Medium"),$A55&" "&$B55,"") | T55: =IF(AND($B55<>"",$C55<>"Target state",$C55<>"Exception",$D55="Medium",$E55="High"),$A55&" "&$B55,"") | U55: =IF(AND($B55<>"",$C55<>"Target state",$C55<>"Exception",$D55="Low",$E55="Low"),$A55&" "&$B55,"") | V55: =IF(AND($B55<>"",$C55<>"Target state",$C55<>"Exception",$D55="Low",$E55="Medium"),$A55&" "&$B55,"") | W55: =IF(AND($B55<>"",$C55<>"Target state",$C55<>"Exception",$D55="Low",$E55="High"),$A55&" "&$B55,"")
A56: ② | G56: =IF(OR($B56="",$D56="",$E56=""),"",IF(OR($C56="Target state",$C56="Exception"),"Out of scope",IF($D56="Low","No tranche",IF($E56="Low","Tranche 1",IF($E56="Medium","Tranche 2",IF($D56="High","Tranche 3","No tranche")))))) | O56: =IF(AND($B56<>"",$C56<>"Target state",$C56<>"Exception",$D56="High",$E56="Low"),$A56&" "&$B56,"") | P56: =IF(AND($B56<>"",$C56<>"Target state",$C56<>"Exception",$D56="High",$E56="Medium"),$A56&" "&$B56,"") | Q56: =IF(AND($B56<>"",$C56<>"Target state",$C56<>"Exception",$D56="High",$E56="High"),$A56&" "&$B56,"") | R56: =IF(AND($B56<>"",$C56<>"Target state",$C56<>"Exception",$D56="Medium",$E56="Low"),$A56&" "&$B56,"") | S56: =IF(AND($B56<>"",$C56<>"Target state",$C56<>"Exception",$D56="Medium",$E56="Medium"),$A56&" "&$B56,"") | T56: =IF(AND($B56<>"",$C56<>"Target state",$C56<>"Exception",$D56="Medium",$E56="High"),$A56&" "&$B56,"") | U56: =IF(AND($B56<>"",$C56<>"Target state",$C56<>"Exception",$D56="Low",$E56="Low"),$A56&" "&$B56,"") | V56: =IF(AND($B56<>"",$C56<>"Target state",$C56<>"Exception",$D56="Low",$E56="Medium"),$A56&" "&$B56,"") | W56: =IF(AND($B56<>"",$C56<>"Target state",$C56<>"Exception",$D56="Low",$E56="High"),$A56&" "&$B56,"")
A57: ③ | G57: =IF(OR($B57="",$D57="",$E57=""),"",IF(OR($C57="Target state",$C57="Exception"),"Out of scope",IF($D57="Low","No tranche",IF($E57="Low","Tranche 1",IF($E57="Medium","Tranche 2",IF($D57="High","Tranche 3","No tranche")))))) | O57: =IF(AND($B57<>"",$C57<>"Target state",$C57<>"Exception",$D57="High",$E57="Low"),$A57&" "&$B57,"") | P57: =IF(AND($B57<>"",$C57<>"Target state",$C57<>"Exception",$D57="High",$E57="Medium"),$A57&" "&$B57,"") | Q57: =IF(AND($B57<>"",$C57<>"Target state",$C57<>"Exception",$D57="High",$E57="High"),$A57&" "&$B57,"") | R57: =IF(AND($B57<>"",$C57<>"Target state",$C57<>"Exception",$D57="Medium",$E57="Low"),$A57&" "&$B57,"") | S57: =IF(AND($B57<>"",$C57<>"Target state",$C57<>"Exception",$D57="Medium",$E57="Medium"),$A57&" "&$B57,"") | T57: =IF(AND($B57<>"",$C57<>"Target state",$C57<>"Exception",$D57="Medium",$E57="High"),$A57&" "&$B57,"") | U57: =IF(AND($B57<>"",$C57<>"Target state",$C57<>"Exception",$D57="Low",$E57="Low"),$A57&" "&$B57,"") | V57: =IF(AND($B57<>"",$C57<>"Target state",$C57<>"Exception",$D57="Low",$E57="Medium"),$A57&" "&$B57,"") | W57: =IF(AND($B57<>"",$C57<>"Target state",$C57<>"Exception",$D57="Low",$E57="High"),$A57&" "&$B57,"")
A58: ④ | G58: =IF(OR($B58="",$D58="",$E58=""),"",IF(OR($C58="Target state",$C58="Exception"),"Out of scope",IF($D58="Low","No tranche",IF($E58="Low","Tranche 1",IF($E58="Medium","Tranche 2",IF($D58="High","Tranche 3","No tranche")))))) | J58: Medium | K58: ="Tranche 1"&CHAR(10)&_xlfn.TEXTJOIN(CHAR(10),TRUE,R$55:R$64) | L58: ="Tranche 2"&CHAR(10)&_xlfn.TEXTJOIN(CHAR(10),TRUE,S$55:S$64) | M58: =_xlfn.TEXTJOIN(CHAR(10),TRUE,T$55:T$64) | O58: =IF(AND($B58<>"",$C58<>"Target state",$C58<>"Exception",$D58="High",$E58="Low"),$A58&" "&$B58,"") | P58: =IF(AND($B58<>"",$C58<>"Target state",$C58<>"Exception",$D58="High",$E58="Medium"),$A58&" "&$B58,"") | Q58: =IF(AND($B58<>"",$C58<>"Target state",$C58<>"Exception",$D58="High",$E58="High"),$A58&" "&$B58,"") | R58: =IF(AND($B58<>"",$C58<>"Target state",$C58<>"Exception",$D58="Medium",$E58="Low"),$A58&" "&$B58,"") | S58: =IF(AND($B58<>"",$C58<>"Target state",$C58<>"Exception",$D58="Medium",$E58="Medium"),$A58&" "&$B58,"") | T58: =IF(AND($B58<>"",$C58<>"Target state",$C58<>"Exception",$D58="Medium",$E58="High"),$A58&" "&$B58,"") | U58: =IF(AND($B58<>"",$C58<>"Target state",$C58<>"Exception",$D58="Low",$E58="Low"),$A58&" "&$B58,"") | V58: =IF(AND($B58<>"",$C58<>"Target state",$C58<>"Exception",$D58="Low",$E58="Medium"),$A58&" "&$B58,"") | W58: =IF(AND($B58<>"",$C58<>"Target state",$C58<>"Exception",$D58="Low",$E58="High"),$A58&" "&$B58,"")
A59: ⑤ | G59: =IF(OR($B59="",$D59="",$E59=""),"",IF(OR($C59="Target state",$C59="Exception"),"Out of scope",IF($D59="Low","No tranche",IF($E59="Low","Tranche 1",IF($E59="Medium","Tranche 2",IF($D59="High","Tranche 3","No tranche")))))) | O59: =IF(AND($B59<>"",$C59<>"Target state",$C59<>"Exception",$D59="High",$E59="Low"),$A59&" "&$B59,"") | P59: =IF(AND($B59<>"",$C59<>"Target state",$C59<>"Exception",$D59="High",$E59="Medium"),$A59&" "&$B59,"") | Q59: =IF(AND($B59<>"",$C59<>"Target state",$C59<>"Exception",$D59="High",$E59="High"),$A59&" "&$B59,"") | R59: =IF(AND($B59<>"",$C59<>"Target state",$C59<>"Exception",$D59="Medium",$E59="Low"),$A59&" "&$B59,"") | S59: =IF(AND($B59<>"",$C59<>"Target state",$C59<>"Exception",$D59="Medium",$E59="Medium"),$A59&" "&$B59,"") | T59: =IF(AND($B59<>"",$C59<>"Target state",$C59<>"Exception",$D59="Medium",$E59="High"),$A59&" "&$B59,"") | U59: =IF(AND($B59<>"",$C59<>"Target state",$C59<>"Exception",$D59="Low",$E59="Low"),$A59&" "&$B59,"") | V59: =IF(AND($B59<>"",$C59<>"Target state",$C59<>"Exception",$D59="Low",$E59="Medium"),$A59&" "&$B59,"") | W59: =IF(AND($B59<>"",$C59<>"Target state",$C59<>"Exception",$D59="Low",$E59="High"),$A59&" "&$B59,"")
A60: ⑥ | G60: =IF(OR($B60="",$D60="",$E60=""),"",IF(OR($C60="Target state",$C60="Exception"),"Out of scope",IF($D60="Low","No tranche",IF($E60="Low","Tranche 1",IF($E60="Medium","Tranche 2",IF($D60="High","Tranche 3","No tranche")))))) | O60: =IF(AND($B60<>"",$C60<>"Target state",$C60<>"Exception",$D60="High",$E60="Low"),$A60&" "&$B60,"") | P60: =IF(AND($B60<>"",$C60<>"Target state",$C60<>"Exception",$D60="High",$E60="Medium"),$A60&" "&$B60,"") | Q60: =IF(AND($B60<>"",$C60<>"Target state",$C60<>"Exception",$D60="High",$E60="High"),$A60&" "&$B60,"") | R60: =IF(AND($B60<>"",$C60<>"Target state",$C60<>"Exception",$D60="Medium",$E60="Low"),$A60&" "&$B60,"") | S60: =IF(AND($B60<>"",$C60<>"Target state",$C60<>"Exception",$D60="Medium",$E60="Medium"),$A60&" "&$B60,"") | T60: =IF(AND($B60<>"",$C60<>"Target state",$C60<>"Exception",$D60="Medium",$E60="High"),$A60&" "&$B60,"") | U60: =IF(AND($B60<>"",$C60<>"Target state",$C60<>"Exception",$D60="Low",$E60="Low"),$A60&" "&$B60,"") | V60: =IF(AND($B60<>"",$C60<>"Target state",$C60<>"Exception",$D60="Low",$E60="Medium"),$A60&" "&$B60,"") | W60: =IF(AND($B60<>"",$C60<>"Target state",$C60<>"Exception",$D60="Low",$E60="High"),$A60&" "&$B60,"")
A61: ⑦ | G61: =IF(OR($B61="",$D61="",$E61=""),"",IF(OR($C61="Target state",$C61="Exception"),"Out of scope",IF($D61="Low","No tranche",IF($E61="Low","Tranche 1",IF($E61="Medium","Tranche 2",IF($D61="High","Tranche 3","No tranche")))))) | J61: Low | K61: =_xlfn.TEXTJOIN(CHAR(10),TRUE,U$55:U$64) | L61: =_xlfn.TEXTJOIN(CHAR(10),TRUE,V$55:V$64) | M61: =_xlfn.TEXTJOIN(CHAR(10),TRUE,W$55:W$64) | O61: =IF(AND($B61<>"",$C61<>"Target state",$C61<>"Exception",$D61="High",$E61="Low"),$A61&" "&$B61,"") | P61: =IF(AND($B61<>"",$C61<>"Target state",$C61<>"Exception",$D61="High",$E61="Medium"),$A61&" "&$B61,"") | Q61: =IF(AND($B61<>"",$C61<>"Target state",$C61<>"Exception",$D61="High",$E61="High"),$A61&" "&$B61,"") | R61: =IF(AND($B61<>"",$C61<>"Target state",$C61<>"Exception",$D61="Medium",$E61="Low"),$A61&" "&$B61,"") | S61: =IF(AND($B61<>"",$C61<>"Target state",$C61<>"Exception",$D61="Medium",$E61="Medium"),$A61&" "&$B61,"") | T61: =IF(AND($B61<>"",$C61<>"Target state",$C61<>"Exception",$D61="Medium",$E61="High"),$A61&" "&$B61,"") | U61: =IF(AND($B61<>"",$C61<>"Target state",$C61<>"Exception",$D61="Low",$E61="Low"),$A61&" "&$B61,"") | V61: =IF(AND($B61<>"",$C61<>"Target state",$C61<>"Exception",$D61="Low",$E61="Medium"),$A61&" "&$B61,"") | W61: =IF(AND($B61<>"",$C61<>"Target state",$C61<>"Exception",$D61="Low",$E61="High"),$A61&" "&$B61,"")
A62: ⑧ | G62: =IF(OR($B62="",$D62="",$E62=""),"",IF(OR($C62="Target state",$C62="Exception"),"Out of scope",IF($D62="Low","No tranche",IF($E62="Low","Tranche 1",IF($E62="Medium","Tranche 2",IF($D62="High","Tranche 3","No tranche")))))) | O62: =IF(AND($B62<>"",$C62<>"Target state",$C62<>"Exception",$D62="High",$E62="Low"),$A62&" "&$B62,"") | P62: =IF(AND($B62<>"",$C62<>"Target state",$C62<>"Exception",$D62="High",$E62="Medium"),$A62&" "&$B62,"") | Q62: =IF(AND($B62<>"",$C62<>"Target state",$C62<>"Exception",$D62="High",$E62="High"),$A62&" "&$B62,"") | R62: =IF(AND($B62<>"",$C62<>"Target state",$C62<>"Exception",$D62="Medium",$E62="Low"),$A62&" "&$B62,"") | S62: =IF(AND($B62<>"",$C62<>"Target state",$C62<>"Exception",$D62="Medium",$E62="Medium"),$A62&" "&$B62,"") | T62: =IF(AND($B62<>"",$C62<>"Target state",$C62<>"Exception",$D62="Medium",$E62="High"),$A62&" "&$B62,"") | U62: =IF(AND($B62<>"",$C62<>"Target state",$C62<>"Exception",$D62="Low",$E62="Low"),$A62&" "&$B62,"") | V62: =IF(AND($B62<>"",$C62<>"Target state",$C62<>"Exception",$D62="Low",$E62="Medium"),$A62&" "&$B62,"") | W62: =IF(AND($B62<>"",$C62<>"Target state",$C62<>"Exception",$D62="Low",$E62="High"),$A62&" "&$B62,"")
A63: ⑨ | G63: =IF(OR($B63="",$D63="",$E63=""),"",IF(OR($C63="Target state",$C63="Exception"),"Out of scope",IF($D63="Low","No tranche",IF($E63="Low","Tranche 1",IF($E63="Medium","Tranche 2",IF($D63="High","Tranche 3","No tranche")))))) | O63: =IF(AND($B63<>"",$C63<>"Target state",$C63<>"Exception",$D63="High",$E63="Low"),$A63&" "&$B63,"") | P63: =IF(AND($B63<>"",$C63<>"Target state",$C63<>"Exception",$D63="High",$E63="Medium"),$A63&" "&$B63,"") | Q63: =IF(AND($B63<>"",$C63<>"Target state",$C63<>"Exception",$D63="High",$E63="High"),$A63&" "&$B63,"") | R63: =IF(AND($B63<>"",$C63<>"Target state",$C63<>"Exception",$D63="Medium",$E63="Low"),$A63&" "&$B63,"") | S63: =IF(AND($B63<>"",$C63<>"Target state",$C63<>"Exception",$D63="Medium",$E63="Medium"),$A63&" "&$B63,"") | T63: =IF(AND($B63<>"",$C63<>"Target state",$C63<>"Exception",$D63="Medium",$E63="High"),$A63&" "&$B63,"") | U63: =IF(AND($B63<>"",$C63<>"Target state",$C63<>"Exception",$D63="Low",$E63="Low"),$A63&" "&$B63,"") | V63: =IF(AND($B63<>"",$C63<>"Target state",$C63<>"Exception",$D63="Low",$E63="Medium"),$A63&" "&$B63,"") | W63: =IF(AND($B63<>"",$C63<>"Target state",$C63<>"Exception",$D63="Low",$E63="High"),$A63&" "&$B63,"")
A64: ⑩ | G64: =IF(OR($B64="",$D64="",$E64=""),"",IF(OR($C64="Target state",$C64="Exception"),"Out of scope",IF($D64="Low","No tranche",IF($E64="Low","Tranche 1",IF($E64="Medium","Tranche 2",IF($D64="High","Tranche 3","No tranche")))))) | K64: Complexity | O64: =IF(AND($B64<>"",$C64<>"Target state",$C64<>"Exception",$D64="High",$E64="Low"),$A64&" "&$B64,"") | P64: =IF(AND($B64<>"",$C64<>"Target state",$C64<>"Exception",$D64="High",$E64="Medium"),$A64&" "&$B64,"") | Q64: =IF(AND($B64<>"",$C64<>"Target state",$C64<>"Exception",$D64="High",$E64="High"),$A64&" "&$B64,"") | R64: =IF(AND($B64<>"",$C64<>"Target state",$C64<>"Exception",$D64="Medium",$E64="Low"),$A64&" "&$B64,"") | S64: =IF(AND($B64<>"",$C64<>"Target state",$C64<>"Exception",$D64="Medium",$E64="Medium"),$A64&" "&$B64,"") | T64: =IF(AND($B64<>"",$C64<>"Target state",$C64<>"Exception",$D64="Medium",$E64="High"),$A64&" "&$B64,"") | U64: =IF(AND($B64<>"",$C64<>"Target state",$C64<>"Exception",$D64="Low",$E64="Low"),$A64&" "&$B64,"") | V64: =IF(AND($B64<>"",$C64<>"Target state",$C64<>"Exception",$D64="Low",$E64="Medium"),$A64&" "&$B64,"") | W64: =IF(AND($B64<>"",$C64<>"Target state",$C64<>"Exception",$D64="Low",$E64="High"),$A64&" "&$B64,"")
A67: Unified Proposition | G67: =HYPERLINK("#'Single-in'!A4","▲ tracker") | K67: Assessment Outcome
A68: # | B68: Platform | C68: State | D68: Imperative to exit | E68: Exit complexity | F68: Supporting facts | G68: Tranche (auto) | K68: Low | L68: Medium | M68: High
A69: ① | G69: =IF(OR($B69="",$D69="",$E69=""),"",IF(OR($C69="Target state",$C69="Exception"),"Out of scope",IF($D69="Low","No tranche",IF($E69="Low","Tranche 1",IF($E69="Medium","Tranche 2",IF($D69="High","Tranche 3","No tranche")))))) | I69: Benefits | J69: High | K69: ="Tranche 1"&CHAR(10)&_xlfn.TEXTJOIN(CHAR(10),TRUE,O$69:O$78) | L69: ="Tranche 2"&CHAR(10)&_xlfn.TEXTJOIN(CHAR(10),TRUE,P$69:P$78) | M69: ="Tranche 3"&CHAR(10)&_xlfn.TEXTJOIN(CHAR(10),TRUE,Q$69:Q$78) | O69: =IF(AND($B69<>"",$C69<>"Target state",$C69<>"Exception",$D69="High",$E69="Low"),$A69&" "&$B69,"") | P69: =IF(AND($B69<>"",$C69<>"Target state",$C69<>"Exception",$D69="High",$E69="Medium"),$A69&" "&$B69,"") | Q69: =IF(AND($B69<>"",$C69<>"Target state",$C69<>"Exception",$D69="High",$E69="High"),$A69&" "&$B69,"") | R69: =IF(AND($B69<>"",$C69<>"Target state",$C69<>"Exception",$D69="Medium",$E69="Low"),$A69&" "&$B69,"") | S69: =IF(AND($B69<>"",$C69<>"Target state",$C69<>"Exception",$D69="Medium",$E69="Medium"),$A69&" "&$B69,"") | T69: =IF(AND($B69<>"",$C69<>"Target state",$C69<>"Exception",$D69="Medium",$E69="High"),$A69&" "&$B69,"") | U69: =IF(AND($B69<>"",$C69<>"Target state",$C69<>"Exception",$D69="Low",$E69="Low"),$A69&" "&$B69,"") | V69: =IF(AND($B69<>"",$C69<>"Target state",$C69<>"Exception",$D69="Low",$E69="Medium"),$A69&" "&$B69,"") | W69: =IF(AND($B69<>"",$C69<>"Target state",$C69<>"Exception",$D69="Low",$E69="High"),$A69&" "&$B69,"")
A70: ② | G70: =IF(OR($B70="",$D70="",$E70=""),"",IF(OR($C70="Target state",$C70="Exception"),"Out of scope",IF($D70="Low","No tranche",IF($E70="Low","Tranche 1",IF($E70="Medium","Tranche 2",IF($D70="High","Tranche 3","No tranche")))))) | O70: =IF(AND($B70<>"",$C70<>"Target state",$C70<>"Exception",$D70="High",$E70="Low"),$A70&" "&$B70,"") | P70: =IF(AND($B70<>"",$C70<>"Target state",$C70<>"Exception",$D70="High",$E70="Medium"),$A70&" "&$B70,"") | Q70: =IF(AND($B70<>"",$C70<>"Target state",$C70<>"Exception",$D70="High",$E70="High"),$A70&" "&$B70,"") | R70: =IF(AND($B70<>"",$C70<>"Target state",$C70<>"Exception",$D70="Medium",$E70="Low"),$A70&" "&$B70,"") | S70: =IF(AND($B70<>"",$C70<>"Target state",$C70<>"Exception",$D70="Medium",$E70="Medium"),$A70&" "&$B70,"") | T70: =IF(AND($B70<>"",$C70<>"Target state",$C70<>"Exception",$D70="Medium",$E70="High"),$A70&" "&$B70,"") | U70: =IF(AND($B70<>"",$C70<>"Target state",$C70<>"Exception",$D70="Low",$E70="Low"),$A70&" "&$B70,"") | V70: =IF(AND($B70<>"",$C70<>"Target state",$C70<>"Exception",$D70="Low",$E70="Medium"),$A70&" "&$B70,"") | W70: =IF(AND($B70<>"",$C70<>"Target state",$C70<>"Exception",$D70="Low",$E70="High"),$A70&" "&$B70,"")
A71: ③ | G71: =IF(OR($B71="",$D71="",$E71=""),"",IF(OR($C71="Target state",$C71="Exception"),"Out of scope",IF($D71="Low","No tranche",IF($E71="Low","Tranche 1",IF($E71="Medium","Tranche 2",IF($D71="High","Tranche 3","No tranche")))))) | O71: =IF(AND($B71<>"",$C71<>"Target state",$C71<>"Exception",$D71="High",$E71="Low"),$A71&" "&$B71,"") | P71: =IF(AND($B71<>"",$C71<>"Target state",$C71<>"Exception",$D71="High",$E71="Medium"),$A71&" "&$B71,"") | Q71: =IF(AND($B71<>"",$C71<>"Target state",$C71<>"Exception",$D71="High",$E71="High"),$A71&" "&$B71,"") | R71: =IF(AND($B71<>"",$C71<>"Target state",$C71<>"Exception",$D71="Medium",$E71="Low"),$A71&" "&$B71,"") | S71: =IF(AND($B71<>"",$C71<>"Target state",$C71<>"Exception",$D71="Medium",$E71="Medium"),$A71&" "&$B71,"") | T71: =IF(AND($B71<>"",$C71<>"Target state",$C71<>"Exception",$D71="Medium",$E71="High"),$A71&" "&$B71,"") | U71: =IF(AND($B71<>"",$C71<>"Target state",$C71<>"Exception",$D71="Low",$E71="Low"),$A71&" "&$B71,"") | V71: =IF(AND($B71<>"",$C71<>"Target state",$C71<>"Exception",$D71="Low",$E71="Medium"),$A71&" "&$B71,"") | W71: =IF(AND($B71<>"",$C71<>"Target state",$C71<>"Exception",$D71="Low",$E71="High"),$A71&" "&$B71,"")
A72: ④ | G72: =IF(OR($B72="",$D72="",$E72=""),"",IF(OR($C72="Target state",$C72="Exception"),"Out of scope",IF($D72="Low","No tranche",IF($E72="Low","Tranche 1",IF($E72="Medium","Tranche 2",IF($D72="High","Tranche 3","No tranche")))))) | J72: Medium | K72: ="Tranche 1"&CHAR(10)&_xlfn.TEXTJOIN(CHAR(10),TRUE,R$69:R$78) | L72: ="Tranche 2"&CHAR(10)&_xlfn.TEXTJOIN(CHAR(10),TRUE,S$69:S$78) | M72: =_xlfn.TEXTJOIN(CHAR(10),TRUE,T$69:T$78) | O72: =IF(AND($B72<>"",$C72<>"Target state",$C72<>"Exception",$D72="High",$E72="Low"),$A72&" "&$B72,"") | P72: =IF(AND($B72<>"",$C72<>"Target state",$C72<>"Exception",$D72="High",$E72="Medium"),$A72&" "&$B72,"") | Q72: =IF(AND($B72<>"",$C72<>"Target state",$C72<>"Exception",$D72="High",$E72="High"),$A72&" "&$B72,"") | R72: =IF(AND($B72<>"",$C72<>"Target state",$C72<>"Exception",$D72="Medium",$E72="Low"),$A72&" "&$B72,"") | S72: =IF(AND($B72<>"",$C72<>"Target state",$C72<>"Exception",$D72="Medium",$E72="Medium"),$A72&" "&$B72,"") | T72: =IF(AND($B72<>"",$C72<>"Target state",$C72<>"Exception",$D72="Medium",$E72="High"),$A72&" "&$B72,"") | U72: =IF(AND($B72<>"",$C72<>"Target state",$C72<>"Exception",$D72="Low",$E72="Low"),$A72&" "&$B72,"") | V72: =IF(AND($B72<>"",$C72<>"Target state",$C72<>"Exception",$D72="Low",$E72="Medium"),$A72&" "&$B72,"") | W72: =IF(AND($B72<>"",$C72<>"Target state",$C72<>"Exception",$D72="Low",$E72="High"),$A72&" "&$B72,"")
A73: ⑤ | G73: =IF(OR($B73="",$D73="",$E73=""),"",IF(OR($C73="Target state",$C73="Exception"),"Out of scope",IF($D73="Low","No tranche",IF($E73="Low","Tranche 1",IF($E73="Medium","Tranche 2",IF($D73="High","Tranche 3","No tranche")))))) | O73: =IF(AND($B73<>"",$C73<>"Target state",$C73<>"Exception",$D73="High",$E73="Low"),$A73&" "&$B73,"") | P73: =IF(AND($B73<>"",$C73<>"Target state",$C73<>"Exception",$D73="High",$E73="Medium"),$A73&" "&$B73,"") | Q73: =IF(AND($B73<>"",$C73<>"Target state",$C73<>"Exception",$D73="High",$E73="High"),$A73&" "&$B73,"") | R73: =IF(AND($B73<>"",$C73<>"Target state",$C73<>"Exception",$D73="Medium",$E73="Low"),$A73&" "&$B73,"") | S73: =IF(AND($B73<>"",$C73<>"Target state",$C73<>"Exception",$D73="Medium",$E73="Medium"),$A73&" "&$B73,"") | T73: =IF(AND($B73<>"",$C73<>"Target state",$C73<>"Exception",$D73="Medium",$E73="High"),$A73&" "&$B73,"") | U73: =IF(AND($B73<>"",$C73<>"Target state",$C73<>"Exception",$D73="Low",$E73="Low"),$A73&" "&$B73,"") | V73: =IF(AND($B73<>"",$C73<>"Target state",$C73<>"Exception",$D73="Low",$E73="Medium"),$A73&" "&$B73,"") | W73: =IF(AND($B73<>"",$C73<>"Target state",$C73<>"Exception",$D73="Low",$E73="High"),$A73&" "&$B73,"")
A74: ⑥ | G74: =IF(OR($B74="",$D74="",$E74=""),"",IF(OR($C74="Target state",$C74="Exception"),"Out of scope",IF($D74="Low","No tranche",IF($E74="Low","Tranche 1",IF($E74="Medium","Tranche 2",IF($D74="High","Tranche 3","No tranche")))))) | O74: =IF(AND($B74<>"",$C74<>"Target state",$C74<>"Exception",$D74="High",$E74="Low"),$A74&" "&$B74,"") | P74: =IF(AND($B74<>"",$C74<>"Target state",$C74<>"Exception",$D74="High",$E74="Medium"),$A74&" "&$B74,"") | Q74: =IF(AND($B74<>"",$C74<>"Target state",$C74<>"Exception",$D74="High",$E74="High"),$A74&" "&$B74,"") | R74: =IF(AND($B74<>"",$C74<>"Target state",$C74<>"Exception",$D74="Medium",$E74="Low"),$A74&" "&$B74,"") | S74: =IF(AND($B74<>"",$C74<>"Target state",$C74<>"Exception",$D74="Medium",$E74="Medium"),$A74&" "&$B74,"") | T74: =IF(AND($B74<>"",$C74<>"Target state",$C74<>"Exception",$D74="Medium",$E74="High"),$A74&" "&$B74,"") | U74: =IF(AND($B74<>"",$C74<>"Target state",$C74<>"Exception",$D74="Low",$E74="Low"),$A74&" "&$B74,"") | V74: =IF(AND($B74<>"",$C74<>"Target state",$C74<>"Exception",$D74="Low",$E74="Medium"),$A74&" "&$B74,"") | W74: =IF(AND($B74<>"",$C74<>"Target state",$C74<>"Exception",$D74="Low",$E74="High"),$A74&" "&$B74,"")
A75: ⑦ | G75: =IF(OR($B75="",$D75="",$E75=""),"",IF(OR($C75="Target state",$C75="Exception"),"Out of scope",IF($D75="Low","No tranche",IF($E75="Low","Tranche 1",IF($E75="Medium","Tranche 2",IF($D75="High","Tranche 3","No tranche")))))) | J75: Low | K75: =_xlfn.TEXTJOIN(CHAR(10),TRUE,U$69:U$78) | L75: =_xlfn.TEXTJOIN(CHAR(10),TRUE,V$69:V$78) | M75: =_xlfn.TEXTJOIN(CHAR(10),TRUE,W$69:W$78) | O75: =IF(AND($B75<>"",$C75<>"Target state",$C75<>"Exception",$D75="High",$E75="Low"),$A75&" "&$B75,"") | P75: =IF(AND($B75<>"",$C75<>"Target state",$C75<>"Exception",$D75="High",$E75="Medium"),$A75&" "&$B75,"") | Q75: =IF(AND($B75<>"",$C75<>"Target state",$C75<>"Exception",$D75="High",$E75="High"),$A75&" "&$B75,"") | R75: =IF(AND($B75<>"",$C75<>"Target state",$C75<>"Exception",$D75="Medium",$E75="Low"),$A75&" "&$B75,"") | S75: =IF(AND($B75<>"",$C75<>"Target state",$C75<>"Exception",$D75="Medium",$E75="Medium"),$A75&" "&$B75,"") | T75: =IF(AND($B75<>"",$C75<>"Target state",$C75<>"Exception",$D75="Medium",$E75="High"),$A75&" "&$B75,"") | U75: =IF(AND($B75<>"",$C75<>"Target state",$C75<>"Exception",$D75="Low",$E75="Low"),$A75&" "&$B75,"") | V75: =IF(AND($B75<>"",$C75<>"Target state",$C75<>"Exception",$D75="Low",$E75="Medium"),$A75&" "&$B75,"") | W75: =IF(AND($B75<>"",$C75<>"Target state",$C75<>"Exception",$D75="Low",$E75="High"),$A75&" "&$B75,"")
A76: ⑧ | G76: =IF(OR($B76="",$D76="",$E76=""),"",IF(OR($C76="Target state",$C76="Exception"),"Out of scope",IF($D76="Low","No tranche",IF($E76="Low","Tranche 1",IF($E76="Medium","Tranche 2",IF($D76="High","Tranche 3","No tranche")))))) | O76: =IF(AND($B76<>"",$C76<>"Target state",$C76<>"Exception",$D76="High",$E76="Low"),$A76&" "&$B76,"") | P76: =IF(AND($B76<>"",$C76<>"Target state",$C76<>"Exception",$D76="High",$E76="Medium"),$A76&" "&$B76,"") | Q76: =IF(AND($B76<>"",$C76<>"Target state",$C76<>"Exception",$D76="High",$E76="High"),$A76&" "&$B76,"") | R76: =IF(AND($B76<>"",$C76<>"Target state",$C76<>"Exception",$D76="Medium",$E76="Low"),$A76&" "&$B76,"") | S76: =IF(AND($B76<>"",$C76<>"Target state",$C76<>"Exception",$D76="Medium",$E76="Medium"),$A76&" "&$B76,"") | T76: =IF(AND($B76<>"",$C76<>"Target state",$C76<>"Exception",$D76="Medium",$E76="High"),$A76&" "&$B76,"") | U76: =IF(AND($B76<>"",$C76<>"Target state",$C76<>"Exception",$D76="Low",$E76="Low"),$A76&" "&$B76,"") | V76: =IF(AND($B76<>"",$C76<>"Target state",$C76<>"Exception",$D76="Low",$E76="Medium"),$A76&" "&$B76,"") | W76: =IF(AND($B76<>"",$C76<>"Target state",$C76<>"Exception",$D76="Low",$E76="High"),$A76&" "&$B76,"")
A77: ⑨ | G77: =IF(OR($B77="",$D77="",$E77=""),"",IF(OR($C77="Target state",$C77="Exception"),"Out of scope",IF($D77="Low","No tranche",IF($E77="Low","Tranche 1",IF($E77="Medium","Tranche 2",IF($D77="High","Tranche 3","No tranche")))))) | O77: =IF(AND($B77<>"",$C77<>"Target state",$C77<>"Exception",$D77="High",$E77="Low"),$A77&" "&$B77,"") | P77: =IF(AND($B77<>"",$C77<>"Target state",$C77<>"Exception",$D77="High",$E77="Medium"),$A77&" "&$B77,"") | Q77: =IF(AND($B77<>"",$C77<>"Target state",$C77<>"Exception",$D77="High",$E77="High"),$A77&" "&$B77,"") | R77: =IF(AND($B77<>"",$C77<>"Target state",$C77<>"Exception",$D77="Medium",$E77="Low"),$A77&" "&$B77,"") | S77: =IF(AND($B77<>"",$C77<>"Target state",$C77<>"Exception",$D77="Medium",$E77="Medium"),$A77&" "&$B77,"") | T77: =IF(AND($B77<>"",$C77<>"Target state",$C77<>"Exception",$D77="Medium",$E77="High"),$A77&" "&$B77,"") | U77: =IF(AND($B77<>"",$C77<>"Target state",$C77<>"Exception",$D77="Low",$E77="Low"),$A77&" "&$B77,"") | V77: =IF(AND($B77<>"",$C77<>"Target state",$C77<>"Exception",$D77="Low",$E77="Medium"),$A77&" "&$B77,"") | W77: =IF(AND($B77<>"",$C77<>"Target state",$C77<>"Exception",$D77="Low",$E77="High"),$A77&" "&$B77,"")
A78: ⑩ | G78: =IF(OR($B78="",$D78="",$E78=""),"",IF(OR($C78="Target state",$C78="Exception"),"Out of scope",IF($D78="Low","No tranche",IF($E78="Low","Tranche 1",IF($E78="Medium","Tranche 2",IF($D78="High","Tranche 3","No tranche")))))) | K78: Complexity | O78: =IF(AND($B78<>"",$C78<>"Target state",$C78<>"Exception",$D78="High",$E78="Low"),$A78&" "&$B78,"") | P78: =IF(AND($B78<>"",$C78<>"Target state",$C78<>"Exception",$D78="High",$E78="Medium"),$A78&" "&$B78,"") | Q78: =IF(AND($B78<>"",$C78<>"Target state",$C78<>"Exception",$D78="High",$E78="High"),$A78&" "&$B78,"") | R78: =IF(AND($B78<>"",$C78<>"Target state",$C78<>"Exception",$D78="Medium",$E78="Low"),$A78&" "&$B78,"") | S78: =IF(AND($B78<>"",$C78<>"Target state",$C78<>"Exception",$D78="Medium",$E78="Medium"),$A78&" "&$B78,"") | T78: =IF(AND($B78<>"",$C78<>"Target state",$C78<>"Exception",$D78="Medium",$E78="High"),$A78&" "&$B78,"") | U78: =IF(AND($B78<>"",$C78<>"Target state",$C78<>"Exception",$D78="Low",$E78="Low"),$A78&" "&$B78,"") | V78: =IF(AND($B78<>"",$C78<>"Target state",$C78<>"Exception",$D78="Low",$E78="Medium"),$A78&" "&$B78,"") | W78: =IF(AND($B78<>"",$C78<>"Target state",$C78<>"Exception",$D78="Low",$E78="High"),$A78&" "&$B78,"")

Sheet Sales & Servicing
A1: Sales & Servicing — Platform Assessment
A2: =HYPERLINK("#'Summary'!A1","← Back to Summary") | C2: Pick a State, score High / Medium / Low — the tranche, the matrix and the Summary update automatically.
A4: Tracker — jump to a sub-capability:
A5: 1. | B5: =HYPERLINK("#'Sales & Servicing'!A10","CRM")
A6: 2. | B6: =HYPERLINK("#'Sales & Servicing'!A24","Servicing Tools")
A7: 3. | B7: =HYPERLINK("#'Sales & Servicing'!A38","Sales Automation")
A8: 4. | B8: =HYPERLINK("#'Sales & Servicing'!A52","Risks")
A10: CRM | G10: =HYPERLINK("#'Sales & Servicing'!A4","▲ tracker") | K10: Assessment Outcome
A11: # | B11: Platform | C11: State | D11: Imperative to exit | E11: Exit complexity | F11: Supporting facts | G11: Tranche (auto) | K11: Low | L11: Medium | M11: High
A12: ① | G12: =IF(OR($B12="",$D12="",$E12=""),"",IF(OR($C12="Target state",$C12="Exception"),"Out of scope",IF($D12="Low","No tranche",IF($E12="Low","Tranche 1",IF($E12="Medium","Tranche 2",IF($D12="High","Tranche 3","No tranche")))))) | I12: Benefits | J12: High | K12: ="Tranche 1"&CHAR(10)&_xlfn.TEXTJOIN(CHAR(10),TRUE,O$12:O$21) | L12: ="Tranche 2"&CHAR(10)&_xlfn.TEXTJOIN(CHAR(10),TRUE,P$12:P$21) | M12: ="Tranche 3"&CHAR(10)&_xlfn.TEXTJOIN(CHAR(10),TRUE,Q$12:Q$21) | O12: =IF(AND($B12<>"",$C12<>"Target state",$C12<>"Exception",$D12="High",$E12="Low"),$A12&" "&$B12,"") | P12: =IF(AND($B12<>"",$C12<>"Target state",$C12<>"Exception",$D12="High",$E12="Medium"),$A12&" "&$B12,"") | Q12: =IF(AND($B12<>"",$C12<>"Target state",$C12<>"Exception",$D12="High",$E12="High"),$A12&" "&$B12,"") | R12: =IF(AND($B12<>"",$C12<>"Target state",$C12<>"Exception",$D12="Medium",$E12="Low"),$A12&" "&$B12,"") | S12: =IF(AND($B12<>"",$C12<>"Target state",$C12<>"Exception",$D12="Medium",$E12="Medium"),$A12&" "&$B12,"") | T12: =IF(AND($B12<>"",$C12<>"Target state",$C12<>"Exception",$D12="Medium",$E12="High"),$A12&" "&$B12,"") | U12: =IF(AND($B12<>"",$C12<>"Target state",$C12<>"Exception",$D12="Low",$E12="Low"),$A12&" "&$B12,"") | V12: =IF(AND($B12<>"",$C12<>"Target state",$C12<>"Exception",$D12="Low",$E12="Medium"),$A12&" "&$B12,"") | W12: =IF(AND($B12<>"",$C12<>"Target state",$C12<>"Exception",$D12="Low",$E12="High"),$A12&" "&$B12,"")
A13: ② | G13: =IF(OR($B13="",$D13="",$E13=""),"",IF(OR($C13="Target state",$C13="Exception"),"Out of scope",IF($D13="Low","No tranche",IF($E13="Low","Tranche 1",IF($E13="Medium","Tranche 2",IF($D13="High","Tranche 3","No tranche")))))) | O13: =IF(AND($B13<>"",$C13<>"Target state",$C13<>"Exception",$D13="High",$E13="Low"),$A13&" "&$B13,"") | P13: =IF(AND($B13<>"",$C13<>"Target state",$C13<>"Exception",$D13="High",$E13="Medium"),$A13&" "&$B13,"") | Q13: =IF(AND($B13<>"",$C13<>"Target state",$C13<>"Exception",$D13="High",$E13="High"),$A13&" "&$B13,"") | R13: =IF(AND($B13<>"",$C13<>"Target state",$C13<>"Exception",$D13="Medium",$E13="Low"),$A13&" "&$B13,"") | S13: =IF(AND($B13<>"",$C13<>"Target state",$C13<>"Exception",$D13="Medium",$E13="Medium"),$A13&" "&$B13,"") | T13: =IF(AND($B13<>"",$C13<>"Target state",$C13<>"Exception",$D13="Medium",$E13="High"),$A13&" "&$B13,"") | U13: =IF(AND($B13<>"",$C13<>"Target state",$C13<>"Exception",$D13="Low",$E13="Low"),$A13&" "&$B13,"") | V13: =IF(AND($B13<>"",$C13<>"Target state",$C13<>"Exception",$D13="Low",$E13="Medium"),$A13&" "&$B13,"") | W13: =IF(AND($B13<>"",$C13<>"Target state",$C13<>"Exception",$D13="Low",$E13="High"),$A13&" "&$B13,"")
A14: ③ | G14: =IF(OR($B14="",$D14="",$E14=""),"",IF(OR($C14="Target state",$C14="Exception"),"Out of scope",IF($D14="Low","No tranche",IF($E14="Low","Tranche 1",IF($E14="Medium","Tranche 2",IF($D14="High","Tranche 3","No tranche")))))) | O14: =IF(AND($B14<>"",$C14<>"Target state",$C14<>"Exception",$D14="High",$E14="Low"),$A14&" "&$B14,"") | P14: =IF(AND($B14<>"",$C14<>"Target state",$C14<>"Exception",$D14="High",$E14="Medium"),$A14&" "&$B14,"") | Q14: =IF(AND($B14<>"",$C14<>"Target state",$C14<>"Exception",$D14="High",$E14="High"),$A14&" "&$B14,"") | R14: =IF(AND($B14<>"",$C14<>"Target state",$C14<>"Exception",$D14="Medium",$E14="Low"),$A14&" "&$B14,"") | S14: =IF(AND($B14<>"",$C14<>"Target state",$C14<>"Exception",$D14="Medium",$E14="Medium"),$A14&" "&$B14,"") | T14: =IF(AND($B14<>"",$C14<>"Target state",$C14<>"Exception",$D14="Medium",$E14="High"),$A14&" "&$B14,"") | U14: =IF(AND($B14<>"",$C14<>"Target state",$C14<>"Exception",$D14="Low",$E14="Low"),$A14&" "&$B14,"") | V14: =IF(AND($B14<>"",$C14<>"Target state",$C14<>"Exception",$D14="Low",$E14="Medium"),$A14&" "&$B14,"") | W14: =IF(AND($B14<>"",$C14<>"Target state",$C14<>"Exception",$D14="Low",$E14="High"),$A14&" "&$B14,"")
A15: ④ | G15: =IF(OR($B15="",$D15="",$E15=""),"",IF(OR($C15="Target state",$C15="Exception"),"Out of scope",IF($D15="Low","No tranche",IF($E15="Low","Tranche 1",IF($E15="Medium","Tranche 2",IF($D15="High","Tranche 3","No tranche")))))) | J15: Medium | K15: ="Tranche 1"&CHAR(10)&_xlfn.TEXTJOIN(CHAR(10),TRUE,R$12:R$21) | L15: ="Tranche 2"&CHAR(10)&_xlfn.TEXTJOIN(CHAR(10),TRUE,S$12:S$21) | M15: =_xlfn.TEXTJOIN(CHAR(10),TRUE,T$12:T$21) | O15: =IF(AND($B15<>"",$C15<>"Target state",$C15<>"Exception",$D15="High",$E15="Low"),$A15&" "&$B15,"") | P15: =IF(AND($B15<>"",$C15<>"Target state",$C15<>"Exception",$D15="High",$E15="Medium"),$A15&" "&$B15,"") | Q15: =IF(AND($B15<>"",$C15<>"Target state",$C15<>"Exception",$D15="High",$E15="High"),$A15&" "&$B15,"") | R15: =IF(AND($B15<>"",$C15<>"Target state",$C15<>"Exception",$D15="Medium",$E15="Low"),$A15&" "&$B15,"") | S15: =IF(AND($B15<>"",$C15<>"Target state",$C15<>"Exception",$D15="Medium",$E15="Medium"),$A15&" "&$B15,"") | T15: =IF(AND($B15<>"",$C15<>"Target state",$C15<>"Exception",$D15="Medium",$E15="High"),$A15&" "&$B15,"") | U15: =IF(AND($B15<>"",$C15<>"Target state",$C15<>"Exception",$D15="Low",$E15="Low"),$A15&" "&$B15,"") | V15: =IF(AND($B15<>"",$C15<>"Target state",$C15<>"Exception",$D15="Low",$E15="Medium"),$A15&" "&$B15,"") | W15: =IF(AND($B15<>"",$C15<>"Target state",$C15<>"Exception",$D15="Low",$E15="High"),$A15&" "&$B15,"")
A16: ⑤ | G16: =IF(OR($B16="",$D16="",$E16=""),"",IF(OR($C16="Target state",$C16="Exception"),"Out of scope",IF($D16="Low","No tranche",IF($E16="Low","Tranche 1",IF($E16="Medium","Tranche 2",IF($D16="High","Tranche 3","No tranche")))))) | O16: =IF(AND($B16<>"",$C16<>"Target state",$C16<>"Exception",$D16="High",$E16="Low"),$A16&" "&$B16,"") | P16: =IF(AND($B16<>"",$C16<>"Target state",$C16<>"Exception",$D16="High",$E16="Medium"),$A16&" "&$B16,"") | Q16: =IF(AND($B16<>"",$C16<>"Target state",$C16<>"Exception",$D16="High",$E16="High"),$A16&" "&$B16,"") | R16: =IF(AND($B16<>"",$C16<>"Target state",$C16<>"Exception",$D16="Medium",$E16="Low"),$A16&" "&$B16,"") | S16: =IF(AND($B16<>"",$C16<>"Target state",$C16<>"Exception",$D16="Medium",$E16="Medium"),$A16&" "&$B16,"") | T16: =IF(AND($B16<>"",$C16<>"Target state",$C16<>"Exception",$D16="Medium",$E16="High"),$A16&" "&$B16,"") | U16: =IF(AND($B16<>"",$C16<>"Target state",$C16<>"Exception",$D16="Low",$E16="Low"),$A16&" "&$B16,"") | V16: =IF(AND($B16<>"",$C16<>"Target state",$C16<>"Exception",$D16="Low",$E16="Medium"),$A16&" "&$B16,"") | W16: =IF(AND($B16<>"",$C16<>"Target state",$C16<>"Exception",$D16="Low",$E16="High"),$A16&" "&$B16,"")
A17: ⑥ | G17: =IF(OR($B17="",$D17="",$E17=""),"",IF(OR($C17="Target state",$C17="Exception"),"Out of scope",IF($D17="Low","No tranche",IF($E17="Low","Tranche 1",IF($E17="Medium","Tranche 2",IF($D17="High","Tranche 3","No tranche")))))) | O17: =IF(AND($B17<>"",$C17<>"Target state",$C17<>"Exception",$D17="High",$E17="Low"),$A17&" "&$B17,"") | P17: =IF(AND($B17<>"",$C17<>"Target state",$C17<>"Exception",$D17="High",$E17="Medium"),$A17&" "&$B17,"") | Q17: =IF(AND($B17<>"",$C17<>"Target state",$C17<>"Exception",$D17="High",$E17="High"),$A17&" "&$B17,"") | R17: =IF(AND($B17<>"",$C17<>"Target state",$C17<>"Exception",$D17="Medium",$E17="Low"),$A17&" "&$B17,"") | S17: =IF(AND($B17<>"",$C17<>"Target state",$C17<>"Exception",$D17="Medium",$E17="Medium"),$A17&" "&$B17,"") | T17: =IF(AND($B17<>"",$C17<>"Target state",$C17<>"Exception",$D17="Medium",$E17="High"),$A17&" "&$B17,"") | U17: =IF(AND($B17<>"",$C17<>"Target state",$C17<>"Exception",$D17="Low",$E17="Low"),$A17&" "&$B17,"") | V17: =IF(AND($B17<>"",$C17<>"Target state",$C17<>"Exception",$D17="Low",$E17="Medium"),$A17&" "&$B17,"") | W17: =IF(AND($B17<>"",$C17<>"Target state",$C17<>"Exception",$D17="Low",$E17="High"),$A17&" "&$B17,"")
A18: ⑦ | G18: =IF(OR($B18="",$D18="",$E18=""),"",IF(OR($C18="Target state",$C18="Exception"),"Out of scope",IF($D18="Low","No tranche",IF($E18="Low","Tranche 1",IF($E18="Medium","Tranche 2",IF($D18="High","Tranche 3","No tranche")))))) | J18: Low | K18: =_xlfn.TEXTJOIN(CHAR(10),TRUE,U$12:U$21) | L18: =_xlfn.TEXTJOIN(CHAR(10),TRUE,V$12:V$21) | M18: =_xlfn.TEXTJOIN(CHAR(10),TRUE,W$12:W$21) | O18: =IF(AND($B18<>"",$C18<>"Target state",$C18<>"Exception",$D18="High",$E18="Low"),$A18&" "&$B18,"") | P18: =IF(AND($B18<>"",$C18<>"Target state",$C18<>"Exception",$D18="High",$E18="Medium"),$A18&" "&$B18,"") | Q18: =IF(AND($B18<>"",$C18<>"Target state",$C18<>"Exception",$D18="High",$E18="High"),$A18&" "&$B18,"") | R18: =IF(AND($B18<>"",$C18<>"Target state",$C18<>"Exception",$D18="Medium",$E18="Low"),$A18&" "&$B18,"") | S18: =IF(AND($B18<>"",$C18<>"Target state",$C18<>"Exception",$D18="Medium",$E18="Medium"),$A18&" "&$B18,"") | T18: =IF(AND($B18<>"",$C18<>"Target state",$C18<>"Exception",$D18="Medium",$E18="High"),$A18&" "&$B18,"") | U18: =IF(AND($B18<>"",$C18<>"Target state",$C18<>"Exception",$D18="Low",$E18="Low"),$A18&" "&$B18,"") | V18: =IF(AND($B18<>"",$C18<>"Target state",$C18<>"Exception",$D18="Low",$E18="Medium"),$A18&" "&$B18,"") | W18: =IF(AND($B18<>"",$C18<>"Target state",$C18<>"Exception",$D18="Low",$E18="High"),$A18&" "&$B18,"")
A19: ⑧ | G19: =IF(OR($B19="",$D19="",$E19=""),"",IF(OR($C19="Target state",$C19="Exception"),"Out of scope",IF($D19="Low","No tranche",IF($E19="Low","Tranche 1",IF($E19="Medium","Tranche 2",IF($D19="High","Tranche 3","No tranche")))))) | O19: =IF(AND($B19<>"",$C19<>"Target state",$C19<>"Exception",$D19="High",$E19="Low"),$A19&" "&$B19,"") | P19: =IF(AND($B19<>"",$C19<>"Target state",$C19<>"Exception",$D19="High",$E19="Medium"),$A19&" "&$B19,"") | Q19: =IF(AND($B19<>"",$C19<>"Target state",$C19<>"Exception",$D19="High",$E19="High"),$A19&" "&$B19,"") | R19: =IF(AND($B19<>"",$C19<>"Target state",$C19<>"Exception",$D19="Medium",$E19="Low"),$A19&" "&$B19,"") | S19: =IF(AND($B19<>"",$C19<>"Target state",$C19<>"Exception",$D19="Medium",$E19="Medium"),$A19&" "&$B19,"") | T19: =IF(AND($B19<>"",$C19<>"Target state",$C19<>"Exception",$D19="Medium",$E19="High"),$A19&" "&$B19,"") | U19: =IF(AND($B19<>"",$C19<>"Target state",$C19<>"Exception",$D19="Low",$E19="Low"),$A19&" "&$B19,"") | V19: =IF(AND($B19<>"",$C19<>"Target state",$C19<>"Exception",$D19="Low",$E19="Medium"),$A19&" "&$B19,"") | W19: =IF(AND($B19<>"",$C19<>"Target state",$C19<>"Exception",$D19="Low",$E19="High"),$A19&" "&$B19,"")
A20: ⑨ | G20: =IF(OR($B20="",$D20="",$E20=""),"",IF(OR($C20="Target state",$C20="Exception"),"Out of scope",IF($D20="Low","No tranche",IF($E20="Low","Tranche 1",IF($E20="Medium","Tranche 2",IF($D20="High","Tranche 3","No tranche")))))) | O20: =IF(AND($B20<>"",$C20<>"Target state",$C20<>"Exception",$D20="High",$E20="Low"),$A20&" "&$B20,"") | P20: =IF(AND($B20<>"",$C20<>"Target state",$C20<>"Exception",$D20="High",$E20="Medium"),$A20&" "&$B20,"") | Q20: =IF(AND($B20<>"",$C20<>"Target state",$C20<>"Exception",$D20="High",$E20="High"),$A20&" "&$B20,"") | R20: =IF(AND($B20<>"",$C20<>"Target state",$C20<>"Exception",$D20="Medium",$E20="Low"),$A20&" "&$B20,"") | S20: =IF(AND($B20<>"",$C20<>"Target state",$C20<>"Exception",$D20="Medium",$E20="Medium"),$A20&" "&$B20,"") | T20: =IF(AND($B20<>"",$C20<>"Target state",$C20<>"Exception",$D20="Medium",$E20="High"),$A20&" "&$B20,"") | U20: =IF(AND($B20<>"",$C20<>"Target state",$C20<>"Exception",$D20="Low",$E20="Low"),$A20&" "&$B20,"") | V20: =IF(AND($B20<>"",$C20<>"Target state",$C20<>"Exception",$D20="Low",$E20="Medium"),$A20&" "&$B20,"") | W20: =IF(AND($B20<>"",$C20<>"Target state",$C20<>"Exception",$D20="Low",$E20="High"),$A20&" "&$B20,"")
A21: ⑩ | G21: =IF(OR($B21="",$D21="",$E21=""),"",IF(OR($C21="Target state",$C21="Exception"),"Out of scope",IF($D21="Low","No tranche",IF($E21="Low","Tranche 1",IF($E21="Medium","Tranche 2",IF($D21="High","Tranche 3","No tranche")))))) | K21: Complexity | O21: =IF(AND($B21<>"",$C21<>"Target state",$C21<>"Exception",$D21="High",$E21="Low"),$A21&" "&$B21,"") | P21: =IF(AND($B21<>"",$C21<>"Target state",$C21<>"Exception",$D21="High",$E21="Medium"),$A21&" "&$B21,"") | Q21: =IF(AND($B21<>"",$C21<>"Target state",$C21<>"Exception",$D21="High",$E21="High"),$A21&" "&$B21,"") | R21: =IF(AND($B21<>"",$C21<>"Target state",$C21<>"Exception",$D21="Medium",$E21="Low"),$A21&" "&$B21,"") | S21: =IF(AND($B21<>"",$C21<>"Target state",$C21<>"Exception",$D21="Medium",$E21="Medium"),$A21&" "&$B21,"") | T21: =IF(AND($B21<>"",$C21<>"Target state",$C21<>"Exception",$D21="Medium",$E21="High"),$A21&" "&$B21,"") | U21: =IF(AND($B21<>"",$C21<>"Target state",$C21<>"Exception",$D21="Low",$E21="Low"),$A21&" "&$B21,"") | V21: =IF(AND($B21<>"",$C21<>"Target state",$C21<>"Exception",$D21="Low",$E21="Medium"),$A21&" "&$B21,"") | W21: =IF(AND($B21<>"",$C21<>"Target state",$C21<>"Exception",$D21="Low",$E21="High"),$A21&" "&$B21,"")
A24: Servicing Tools | G24: =HYPERLINK("#'Sales & Servicing'!A4","▲ tracker") | K24: Assessment Outcome
A25: # | B25: Platform | C25: State | D25: Imperative to exit | E25: Exit complexity | F25: Supporting facts | G25: Tranche (auto) | K25: Low | L25: Medium | M25: High
A26: ① | G26: =IF(OR($B26="",$D26="",$E26=""),"",IF(OR($C26="Target state",$C26="Exception"),"Out of scope",IF($D26="Low","No tranche",IF($E26="Low","Tranche 1",IF($E26="Medium","Tranche 2",IF($D26="High","Tranche 3","No tranche")))))) | I26: Benefits | J26: High | K26: ="Tranche 1"&CHAR(10)&_xlfn.TEXTJOIN(CHAR(10),TRUE,O$26:O$35) | L26: ="Tranche 2"&CHAR(10)&_xlfn.TEXTJOIN(CHAR(10),TRUE,P$26:P$35) | M26: ="Tranche 3"&CHAR(10)&_xlfn.TEXTJOIN(CHAR(10),TRUE,Q$26:Q$35) | O26: =IF(AND($B26<>"",$C26<>"Target state",$C26<>"Exception",$D26="High",$E26="Low"),$A26&" "&$B26,"") | P26: =IF(AND($B26<>"",$C26<>"Target state",$C26<>"Exception",$D26="High",$E26="Medium"),$A26&" "&$B26,"") | Q26: =IF(AND($B26<>"",$C26<>"Target state",$C26<>"Exception",$D26="High",$E26="High"),$A26&" "&$B26,"") | R26: =IF(AND($B26<>"",$C26<>"Target state",$C26<>"Exception",$D26="Medium",$E26="Low"),$A26&" "&$B26,"") | S26: =IF(AND($B26<>"",$C26<>"Target state",$C26<>"Exception",$D26="Medium",$E26="Medium"),$A26&" "&$B26,"") | T26: =IF(AND($B26<>"",$C26<>"Target state",$C26<>"Exception",$D26="Medium",$E26="High"),$A26&" "&$B26,"") | U26: =IF(AND($B26<>"",$C26<>"Target state",$C26<>"Exception",$D26="Low",$E26="Low"),$A26&" "&$B26,"") | V26: =IF(AND($B26<>"",$C26<>"Target state",$C26<>"Exception",$D26="Low",$E26="Medium"),$A26&" "&$B26,"") | W26: =IF(AND($B26<>"",$C26<>"Target state",$C26<>"Exception",$D26="Low",$E26="High"),$A26&" "&$B26,"")
A27: ② | G27: =IF(OR($B27="",$D27="",$E27=""),"",IF(OR($C27="Target state",$C27="Exception"),"Out of scope",IF($D27="Low","No tranche",IF($E27="Low","Tranche 1",IF($E27="Medium","Tranche 2",IF($D27="High","Tranche 3","No tranche")))))) | O27: =IF(AND($B27<>"",$C27<>"Target state",$C27<>"Exception",$D27="High",$E27="Low"),$A27&" "&$B27,"") | P27: =IF(AND($B27<>"",$C27<>"Target state",$C27<>"Exception",$D27="High",$E27="Medium"),$A27&" "&$B27,"") | Q27: =IF(AND($B27<>"",$C27<>"Target state",$C27<>"Exception",$D27="High",$E27="High"),$A27&" "&$B27,"") | R27: =IF(AND($B27<>"",$C27<>"Target state",$C27<>"Exception",$D27="Medium",$E27="Low"),$A27&" "&$B27,"") | S27: =IF(AND($B27<>"",$C27<>"Target state",$C27<>"Exception",$D27="Medium",$E27="Medium"),$A27&" "&$B27,"") | T27: =IF(AND($B27<>"",$C27<>"Target state",$C27<>"Exception",$D27="Medium",$E27="High"),$A27&" "&$B27,"") | U27: =IF(AND($B27<>"",$C27<>"Target state",$C27<>"Exception",$D27="Low",$E27="Low"),$A27&" "&$B27,"") | V27: =IF(AND($B27<>"",$C27<>"Target state",$C27<>"Exception",$D27="Low",$E27="Medium"),$A27&" "&$B27,"") | W27: =IF(AND($B27<>"",$C27<>"Target state",$C27<>"Exception",$D27="Low",$E27="High"),$A27&" "&$B27,"")
A28: ③ | G28: =IF(OR($B28="",$D28="",$E28=""),"",IF(OR($C28="Target state",$C28="Exception"),"Out of scope",IF($D28="Low","No tranche",IF($E28="Low","Tranche 1",IF($E28="Medium","Tranche 2",IF($D28="High","Tranche 3","No tranche")))))) | O28: =IF(AND($B28<>"",$C28<>"Target state",$C28<>"Exception",$D28="High",$E28="Low"),$A28&" "&$B28,"") | P28: =IF(AND($B28<>"",$C28<>"Target state",$C28<>"Exception",$D28="High",$E28="Medium"),$A28&" "&$B28,"") | Q28: =IF(AND($B28<>"",$C28<>"Target state",$C28<>"Exception",$D28="High",$E28="High"),$A28&" "&$B28,"") | R28: =IF(AND($B28<>"",$C28<>"Target state",$C28<>"Exception",$D28="Medium",$E28="Low"),$A28&" "&$B28,"") | S28: =IF(AND($B28<>"",$C28<>"Target state",$C28<>"Exception",$D28="Medium",$E28="Medium"),$A28&" "&$B28,"") | T28: =IF(AND($B28<>"",$C28<>"Target state",$C28<>"Exception",$D28="Medium",$E28="High"),$A28&" "&$B28,"") | U28: =IF(AND($B28<>"",$C28<>"Target state",$C28<>"Exception",$D28="Low",$E28="Low"),$A28&" "&$B28,"") | V28: =IF(AND($B28<>"",$C28<>"Target state",$C28<>"Exception",$D28="Low",$E28="Medium"),$A28&" "&$B28,"") | W28: =IF(AND($B28<>"",$C28<>"Target state",$C28<>"Exception",$D28="Low",$E28="High"),$A28&" "&$B28,"")
A29: ④ | G29: =IF(OR($B29="",$D29="",$E29=""),"",IF(OR($C29="Target state",$C29="Exception"),"Out of scope",IF($D29="Low","No tranche",IF($E29="Low","Tranche 1",IF($E29="Medium","Tranche 2",IF($D29="High","Tranche 3","No tranche")))))) | J29: Medium | K29: ="Tranche 1"&CHAR(10)&_xlfn.TEXTJOIN(CHAR(10),TRUE,R$26:R$35) | L29: ="Tranche 2"&CHAR(10)&_xlfn.TEXTJOIN(CHAR(10),TRUE,S$26:S$35) | M29: =_xlfn.TEXTJOIN(CHAR(10),TRUE,T$26:T$35) | O29: =IF(AND($B29<>"",$C29<>"Target state",$C29<>"Exception",$D29="High",$E29="Low"),$A29&" "&$B29,"") | P29: =IF(AND($B29<>"",$C29<>"Target state",$C29<>"Exception",$D29="High",$E29="Medium"),$A29&" "&$B29,"") | Q29: =IF(AND($B29<>"",$C29<>"Target state",$C29<>"Exception",$D29="High",$E29="High"),$A29&" "&$B29,"") | R29: =IF(AND($B29<>"",$C29<>"Target state",$C29<>"Exception",$D29="Medium",$E29="Low"),$A29&" "&$B29,"") | S29: =IF(AND($B29<>"",$C29<>"Target state",$C29<>"Exception",$D29="Medium",$E29="Medium"),$A29&" "&$B29,"") | T29: =IF(AND($B29<>"",$C29<>"Target state",$C29<>"Exception",$D29="Medium",$E29="High"),$A29&" "&$B29,"") | U29: =IF(AND($B29<>"",$C29<>"Target state",$C29<>"Exception",$D29="Low",$E29="Low"),$A29&" "&$B29,"") | V29: =IF(AND($B29<>"",$C29<>"Target state",$C29<>"Exception",$D29="Low",$E29="Medium"),$A29&" "&$B29,"") | W29: =IF(AND($B29<>"",$C29<>"Target state",$C29<>"Exception",$D29="Low",$E29="High"),$A29&" "&$B29,"")
A30: ⑤ | G30: =IF(OR($B30="",$D30="",$E30=""),"",IF(OR($C30="Target state",$C30="Exception"),"Out of scope",IF($D30="Low","No tranche",IF($E30="Low","Tranche 1",IF($E30="Medium","Tranche 2",IF($D30="High","Tranche 3","No tranche")))))) | O30: =IF(AND($B30<>"",$C30<>"Target state",$C30<>"Exception",$D30="High",$E30="Low"),$A30&" "&$B30,"") | P30: =IF(AND($B30<>"",$C30<>"Target state",$C30<>"Exception",$D30="High",$E30="Medium"),$A30&" "&$B30,"") | Q30: =IF(AND($B30<>"",$C30<>"Target state",$C30<>"Exception",$D30="High",$E30="High"),$A30&" "&$B30,"") | R30: =IF(AND($B30<>"",$C30<>"Target state",$C30<>"Exception",$D30="Medium",$E30="Low"),$A30&" "&$B30,"") | S30: =IF(AND($B30<>"",$C30<>"Target state",$C30<>"Exception",$D30="Medium",$E30="Medium"),$A30&" "&$B30,"") | T30: =IF(AND($B30<>"",$C30<>"Target state",$C30<>"Exception",$D30="Medium",$E30="High"),$A30&" "&$B30,"") | U30: =IF(AND($B30<>"",$C30<>"Target state",$C30<>"Exception",$D30="Low",$E30="Low"),$A30&" "&$B30,"") | V30: =IF(AND($B30<>"",$C30<>"Target state",$C30<>"Exception",$D30="Low",$E30="Medium"),$A30&" "&$B30,"") | W30: =IF(AND($B30<>"",$C30<>"Target state",$C30<>"Exception",$D30="Low",$E30="High"),$A30&" "&$B30,"")
A31: ⑥ | G31: =IF(OR($B31="",$D31="",$E31=""),"",IF(OR($C31="Target state",$C31="Exception"),"Out of scope",IF($D31="Low","No tranche",IF($E31="Low","Tranche 1",IF($E31="Medium","Tranche 2",IF($D31="High","Tranche 3","No tranche")))))) | O31: =IF(AND($B31<>"",$C31<>"Target state",$C31<>"Exception",$D31="High",$E31="Low"),$A31&" "&$B31,"") | P31: =IF(AND($B31<>"",$C31<>"Target state",$C31<>"Exception",$D31="High",$E31="Medium"),$A31&" "&$B31,"") | Q31: =IF(AND($B31<>"",$C31<>"Target state",$C31<>"Exception",$D31="High",$E31="High"),$A31&" "&$B31,"") | R31: =IF(AND($B31<>"",$C31<>"Target state",$C31<>"Exception",$D31="Medium",$E31="Low"),$A31&" "&$B31,"") | S31: =IF(AND($B31<>"",$C31<>"Target state",$C31<>"Exception",$D31="Medium",$E31="Medium"),$A31&" "&$B31,"") | T31: =IF(AND($B31<>"",$C31<>"Target state",$C31<>"Exception",$D31="Medium",$E31="High"),$A31&" "&$B31,"") | U31: =IF(AND($B31<>"",$C31<>"Target state",$C31<>"Exception",$D31="Low",$E31="Low"),$A31&" "&$B31,"") | V31: =IF(AND($B31<>"",$C31<>"Target state",$C31<>"Exception",$D31="Low",$E31="Medium"),$A31&" "&$B31,"") | W31: =IF(AND($B31<>"",$C31<>"Target state",$C31<>"Exception",$D31="Low",$E31="High"),$A31&" "&$B31,"")
A32: ⑦ | G32: =IF(OR($B32="",$D32="",$E32=""),"",IF(OR($C32="Target state",$C32="Exception"),"Out of scope",IF($D32="Low","No tranche",IF($E32="Low","Tranche 1",IF($E32="Medium","Tranche 2",IF($D32="High","Tranche 3","No tranche")))))) | J32: Low | K32: =_xlfn.TEXTJOIN(CHAR(10),TRUE,U$26:U$35) | L32: =_xlfn.TEXTJOIN(CHAR(10),TRUE,V$26:V$35) | M32: =_xlfn.TEXTJOIN(CHAR(10),TRUE,W$26:W$35) | O32: =IF(AND($B32<>"",$C32<>"Target state",$C32<>"Exception",$D32="High",$E32="Low"),$A32&" "&$B32,"") | P32: =IF(AND($B32<>"",$C32<>"Target state",$C32<>"Exception",$D32="High",$E32="Medium"),$A32&" "&$B32,"") | Q32: =IF(AND($B32<>"",$C32<>"Target state",$C32<>"Exception",$D32="High",$E32="High"),$A32&" "&$B32,"") | R32: =IF(AND($B32<>"",$C32<>"Target state",$C32<>"Exception",$D32="Medium",$E32="Low"),$A32&" "&$B32,"") | S32: =IF(AND($B32<>"",$C32<>"Target state",$C32<>"Exception",$D32="Medium",$E32="Medium"),$A32&" "&$B32,"") | T32: =IF(AND($B32<>"",$C32<>"Target state",$C32<>"Exception",$D32="Medium",$E32="High"),$A32&" "&$B32,"") | U32: =IF(AND($B32<>"",$C32<>"Target state",$C32<>"Exception",$D32="Low",$E32="Low"),$A32&" "&$B32,"") | V32: =IF(AND($B32<>"",$C32<>"Target state",$C32<>"Exception",$D32="Low",$E32="Medium"),$A32&" "&$B32,"") | W32: =IF(AND($B32<>"",$C32<>"Target state",$C32<>"Exception",$D32="Low",$E32="High"),$A32&" "&$B32,"")
A33: ⑧ | G33: =IF(OR($B33="",$D33="",$E33=""),"",IF(OR($C33="Target state",$C33="Exception"),"Out of scope",IF($D33="Low","No tranche",IF($E33="Low","Tranche 1",IF($E33="Medium","Tranche 2",IF($D33="High","Tranche 3","No tranche")))))) | O33: =IF(AND($B33<>"",$C33<>"Target state",$C33<>"Exception",$D33="High",$E33="Low"),$A33&" "&$B33,"") | P33: =IF(AND($B33<>"",$C33<>"Target state",$C33<>"Exception",$D33="High",$E33="Medium"),$A33&" "&$B33,"") | Q33: =IF(AND($B33<>"",$C33<>"Target state",$C33<>"Exception",$D33="High",$E33="High"),$A33&" "&$B33,"") | R33: =IF(AND($B33<>"",$C33<>"Target state",$C33<>"Exception",$D33="Medium",$E33="Low"),$A33&" "&$B33,"") | S33: =IF(AND($B33<>"",$C33<>"Target state",$C33<>"Exception",$D33="Medium",$E33="Medium"),$A33&" "&$B33,"") | T33: =IF(AND($B33<>"",$C33<>"Target state",$C33<>"Exception",$D33="Medium",$E33="High"),$A33&" "&$B33,"") | U33: =IF(AND($B33<>"",$C33<>"Target state",$C33<>"Exception",$D33="Low",$E33="Low"),$A33&" "&$B33,"") | V33: =IF(AND($B33<>"",$C33<>"Target state",$C33<>"Exception",$D33="Low",$E33="Medium"),$A33&" "&$B33,"") | W33: =IF(AND($B33<>"",$C33<>"Target state",$C33<>"Exception",$D33="Low",$E33="High"),$A33&" "&$B33,"")
A34: ⑨ | G34: =IF(OR($B34="",$D34="",$E34=""),"",IF(OR($C34="Target state",$C34="Exception"),"Out of scope",IF($D34="Low","No tranche",IF($E34="Low","Tranche 1",IF($E34="Medium","Tranche 2",IF($D34="High","Tranche 3","No tranche")))))) | O34: =IF(AND($B34<>"",$C34<>"Target state",$C34<>"Exception",$D34="High",$E34="Low"),$A34&" "&$B34,"") | P34: =IF(AND($B34<>"",$C34<>"Target state",$C34<>"Exception",$D34="High",$E34="Medium"),$A34&" "&$B34,"") | Q34: =IF(AND($B34<>"",$C34<>"Target state",$C34<>"Exception",$D34="High",$E34="High"),$A34&" "&$B34,"") | R34: =IF(AND($B34<>"",$C34<>"Target state",$C34<>"Exception",$D34="Medium",$E34="Low"),$A34&" "&$B34,"") | S34: =IF(AND($B34<>"",$C34<>"Target state",$C34<>"Exception",$D34="Medium",$E34="Medium"),$A34&" "&$B34,"") | T34: =IF(AND($B34<>"",$C34<>"Target state",$C34<>"Exception",$D34="Medium",$E34="High"),$A34&" "&$B34,"") | U34: =IF(AND($B34<>"",$C34<>"Target state",$C34<>"Exception",$D34="Low",$E34="Low"),$A34&" "&$B34,"") | V34: =IF(AND($B34<>"",$C34<>"Target state",$C34<>"Exception",$D34="Low",$E34="Medium"),$A34&" "&$B34,"") | W34: =IF(AND($B34<>"",$C34<>"Target state",$C34<>"Exception",$D34="Low",$E34="High"),$A34&" "&$B34,"")
A35: ⑩ | G35: =IF(OR($B35="",$D35="",$E35=""),"",IF(OR($C35="Target state",$C35="Exception"),"Out of scope",IF($D35="Low","No tranche",IF($E35="Low","Tranche 1",IF($E35="Medium","Tranche 2",IF($D35="High","Tranche 3","No tranche")))))) | K35: Complexity | O35: =IF(AND($B35<>"",$C35<>"Target state",$C35<>"Exception",$D35="High",$E35="Low"),$A35&" "&$B35,"") | P35: =IF(AND($B35<>"",$C35<>"Target state",$C35<>"Exception",$D35="High",$E35="Medium"),$A35&" "&$B35,"") | Q35: =IF(AND($B35<>"",$C35<>"Target state",$C35<>"Exception",$D35="High",$E35="High"),$A35&" "&$B35,"") | R35: =IF(AND($B35<>"",$C35<>"Target state",$C35<>"Exception",$D35="Medium",$E35="Low"),$A35&" "&$B35,"") | S35: =IF(AND($B35<>"",$C35<>"Target state",$C35<>"Exception",$D35="Medium",$E35="Medium"),$A35&" "&$B35,"") | T35: =IF(AND($B35<>"",$C35<>"Target state",$C35<>"Exception",$D35="Medium",$E35="High"),$A35&" "&$B35,"") | U35: =IF(AND($B35<>"",$C35<>"Target state",$C35<>"Exception",$D35="Low",$E35="Low"),$A35&" "&$B35,"") | V35: =IF(AND($B35<>"",$C35<>"Target state",$C35<>"Exception",$D35="Low",$E35="Medium"),$A35&" "&$B35,"") | W35: =IF(AND($B35<>"",$C35<>"Target state",$C35<>"Exception",$D35="Low",$E35="High"),$A35&" "&$B35,"")
A38: Sales Automation | G38: =HYPERLINK("#'Sales & Servicing'!A4","▲ tracker") | K38: Assessment Outcome
A39: # | B39: Platform | C39: State | D39: Imperative to exit | E39: Exit complexity | F39: Supporting facts | G39: Tranche (auto) | K39: Low | L39: Medium | M39: High
A40: ① | G40: =IF(OR($B40="",$D40="",$E40=""),"",IF(OR($C40="Target state",$C40="Exception"),"Out of scope",IF($D40="Low","No tranche",IF($E40="Low","Tranche 1",IF($E40="Medium","Tranche 2",IF($D40="High","Tranche 3","No tranche")))))) | I40: Benefits | J40: High | K40: ="Tranche 1"&CHAR(10)&_xlfn.TEXTJOIN(CHAR(10),TRUE,O$40:O$49) | L40: ="Tranche 2"&CHAR(10)&_xlfn.TEXTJOIN(CHAR(10),TRUE,P$40:P$49) | M40: ="Tranche 3"&CHAR(10)&_xlfn.TEXTJOIN(CHAR(10),TRUE,Q$40:Q$49) | O40: =IF(AND($B40<>"",$C40<>"Target state",$C40<>"Exception",$D40="High",$E40="Low"),$A40&" "&$B40,"") | P40: =IF(AND($B40<>"",$C40<>"Target state",$C40<>"Exception",$D40="High",$E40="Medium"),$A40&" "&$B40,"") | Q40: =IF(AND($B40<>"",$C40<>"Target state",$C40<>"Exception",$D40="High",$E40="High"),$A40&" "&$B40,"") | R40: =IF(AND($B40<>"",$C40<>"Target state",$C40<>"Exception",$D40="Medium",$E40="Low"),$A40&" "&$B40,"") | S40: =IF(AND($B40<>"",$C40<>"Target state",$C40<>"Exception",$D40="Medium",$E40="Medium"),$A40&" "&$B40,"") | T40: =IF(AND($B40<>"",$C40<>"Target state",$C40<>"Exception",$D40="Medium",$E40="High"),$A40&" "&$B40,"") | U40: =IF(AND($B40<>"",$C40<>"Target state",$C40<>"Exception",$D40="Low",$E40="Low"),$A40&" "&$B40,"") | V40: =IF(AND($B40<>"",$C40<>"Target state",$C40<>"Exception",$D40="Low",$E40="Medium"),$A40&" "&$B40,"") | W40: =IF(AND($B40<>"",$C40<>"Target state",$C40<>"Exception",$D40="Low",$E40="High"),$A40&" "&$B40,"")
A41: ② | G41: =IF(OR($B41="",$D41="",$E41=""),"",IF(OR($C41="Target state",$C41="Exception"),"Out of scope",IF($D41="Low","No tranche",IF($E41="Low","Tranche 1",IF($E41="Medium","Tranche 2",IF($D41="High","Tranche 3","No tranche")))))) | O41: =IF(AND($B41<>"",$C41<>"Target state",$C41<>"Exception",$D41="High",$E41="Low"),$A41&" "&$B41,"") | P41: =IF(AND($B41<>"",$C41<>"Target state",$C41<>"Exception",$D41="High",$E41="Medium"),$A41&" "&$B41,"") | Q41: =IF(AND($B41<>"",$C41<>"Target state",$C41<>"Exception",$D41="High",$E41="High"),$A41&" "&$B41,"") | R41: =IF(AND($B41<>"",$C41<>"Target state",$C41<>"Exception",$D41="Medium",$E41="Low"),$A41&" "&$B41,"") | S41: =IF(AND($B41<>"",$C41<>"Target state",$C41<>"Exception",$D41="Medium",$E41="Medium"),$A41&" "&$B41,"") | T41: =IF(AND($B41<>"",$C41<>"Target state",$C41<>"Exception",$D41="Medium",$E41="High"),$A41&" "&$B41,"") | U41: =IF(AND($B41<>"",$C41<>"Target state",$C41<>"Exception",$D41="Low",$E41="Low"),$A41&" "&$B41,"") | V41: =IF(AND($B41<>"",$C41<>"Target state",$C41<>"Exception",$D41="Low",$E41="Medium"),$A41&" "&$B41,"") | W41: =IF(AND($B41<>"",$C41<>"Target state",$C41<>"Exception",$D41="Low",$E41="High"),$A41&" "&$B41,"")
A42: ③ | G42: =IF(OR($B42="",$D42="",$E42=""),"",IF(OR($C42="Target state",$C42="Exception"),"Out of scope",IF($D42="Low","No tranche",IF($E42="Low","Tranche 1",IF($E42="Medium","Tranche 2",IF($D42="High","Tranche 3","No tranche")))))) | O42: =IF(AND($B42<>"",$C42<>"Target state",$C42<>"Exception",$D42="High",$E42="Low"),$A42&" "&$B42,"") | P42: =IF(AND($B42<>"",$C42<>"Target state",$C42<>"Exception",$D42="High",$E42="Medium"),$A42&" "&$B42,"") | Q42: =IF(AND($B42<>"",$C42<>"Target state",$C42<>"Exception",$D42="High",$E42="High"),$A42&" "&$B42,"") | R42: =IF(AND($B42<>"",$C42<>"Target state",$C42<>"Exception",$D42="Medium",$E42="Low"),$A42&" "&$B42,"") | S42: =IF(AND($B42<>"",$C42<>"Target state",$C42<>"Exception",$D42="Medium",$E42="Medium"),$A42&" "&$B42,"") | T42: =IF(AND($B42<>"",$C42<>"Target state",$C42<>"Exception",$D42="Medium",$E42="High"),$A42&" "&$B42,"") | U42: =IF(AND($B42<>"",$C42<>"Target state",$C42<>"Exception",$D42="Low",$E42="Low"),$A42&" "&$B42,"") | V42: =IF(AND($B42<>"",$C42<>"Target state",$C42<>"Exception",$D42="Low",$E42="Medium"),$A42&" "&$B42,"") | W42: =IF(AND($B42<>"",$C42<>"Target state",$C42<>"Exception",$D42="Low",$E42="High"),$A42&" "&$B42,"")
A43: ④ | G43: =IF(OR($B43="",$D43="",$E43=""),"",IF(OR($C43="Target state",$C43="Exception"),"Out of scope",IF($D43="Low","No tranche",IF($E43="Low","Tranche 1",IF($E43="Medium","Tranche 2",IF($D43="High","Tranche 3","No tranche")))))) | J43: Medium | K43: ="Tranche 1"&CHAR(10)&_xlfn.TEXTJOIN(CHAR(10),TRUE,R$40:R$49) | L43: ="Tranche 2"&CHAR(10)&_xlfn.TEXTJOIN(CHAR(10),TRUE,S$40:S$49) | M43: =_xlfn.TEXTJOIN(CHAR(10),TRUE,T$40:T$49) | O43: =IF(AND($B43<>"",$C43<>"Target state",$C43<>"Exception",$D43="High",$E43="Low"),$A43&" "&$B43,"") | P43: =IF(AND($B43<>"",$C43<>"Target state",$C43<>"Exception",$D43="High",$E43="Medium"),$A43&" "&$B43,"") | Q43: =IF(AND($B43<>"",$C43<>"Target state",$C43<>"Exception",$D43="High",$E43="High"),$A43&" "&$B43,"") | R43: =IF(AND($B43<>"",$C43<>"Target state",$C43<>"Exception",$D43="Medium",$E43="Low"),$A43&" "&$B43,"") | S43: =IF(AND($B43<>"",$C43<>"Target state",$C43<>"Exception",$D43="Medium",$E43="Medium"),$A43&" "&$B43,"") | T43: =IF(AND($B43<>"",$C43<>"Target state",$C43<>"Exception",$D43="Medium",$E43="High"),$A43&" "&$B43,"") | U43: =IF(AND($B43<>"",$C43<>"Target state",$C43<>"Exception",$D43="Low",$E43="Low"),$A43&" "&$B43,"") | V43: =IF(AND($B43<>"",$C43<>"Target state",$C43<>"Exception",$D43="Low",$E43="Medium"),$A43&" "&$B43,"") | W43: =IF(AND($B43<>"",$C43<>"Target state",$C43<>"Exception",$D43="Low",$E43="High"),$A43&" "&$B43,"")
A44: ⑤ | G44: =IF(OR($B44="",$D44="",$E44=""),"",IF(OR($C44="Target state",$C44="Exception"),"Out of scope",IF($D44="Low","No tranche",IF($E44="Low","Tranche 1",IF($E44="Medium","Tranche 2",IF($D44="High","Tranche 3","No tranche")))))) | O44: =IF(AND($B44<>"",$C44<>"Target state",$C44<>"Exception",$D44="High",$E44="Low"),$A44&" "&$B44,"") | P44: =IF(AND($B44<>"",$C44<>"Target state",$C44<>"Exception",$D44="High",$E44="Medium"),$A44&" "&$B44,"") | Q44: =IF(AND($B44<>"",$C44<>"Target state",$C44<>"Exception",$D44="High",$E44="High"),$A44&" "&$B44,"") | R44: =IF(AND($B44<>"",$C44<>"Target state",$C44<>"Exception",$D44="Medium",$E44="Low"),$A44&" "&$B44,"") | S44: =IF(AND($B44<>"",$C44<>"Target state",$C44<>"Exception",$D44="Medium",$E44="Medium"),$A44&" "&$B44,"") | T44: =IF(AND($B44<>"",$C44<>"Target state",$C44<>"Exception",$D44="Medium",$E44="High"),$A44&" "&$B44,"") | U44: =IF(AND($B44<>"",$C44<>"Target state",$C44<>"Exception",$D44="Low",$E44="Low"),$A44&" "&$B44,"") | V44: =IF(AND($B44<>"",$C44<>"Target state",$C44<>"Exception",$D44="Low",$E44="Medium"),$A44&" "&$B44,"") | W44: =IF(AND($B44<>"",$C44<>"Target state",$C44<>"Exception",$D44="Low",$E44="High"),$A44&" "&$B44,"")
A45: ⑥ | G45: =IF(OR($B45="",$D45="",$E45=""),"",IF(OR($C45="Target state",$C45="Exception"),"Out of scope",IF($D45="Low","No tranche",IF($E45="Low","Tranche 1",IF($E45="Medium","Tranche 2",IF($D45="High","Tranche 3","No tranche")))))) | O45: =IF(AND($B45<>"",$C45<>"Target state",$C45<>"Exception",$D45="High",$E45="Low"),$A45&" "&$B45,"") | P45: =IF(AND($B45<>"",$C45<>"Target state",$C45<>"Exception",$D45="High",$E45="Medium"),$A45&" "&$B45,"") | Q45: =IF(AND($B45<>"",$C45<>"Target state",$C45<>"Exception",$D45="High",$E45="High"),$A45&" "&$B45,"") | R45: =IF(AND($B45<>"",$C45<>"Target state",$C45<>"Exception",$D45="Medium",$E45="Low"),$A45&" "&$B45,"") | S45: =IF(AND($B45<>"",$C45<>"Target state",$C45<>"Exception",$D45="Medium",$E45="Medium"),$A45&" "&$B45,"") | T45: =IF(AND($B45<>"",$C45<>"Target state",$C45<>"Exception",$D45="Medium",$E45="High"),$A45&" "&$B45,"") | U45: =IF(AND($B45<>"",$C45<>"Target state",$C45<>"Exception",$D45="Low",$E45="Low"),$A45&" "&$B45,"") | V45: =IF(AND($B45<>"",$C45<>"Target state",$C45<>"Exception",$D45="Low",$E45="Medium"),$A45&" "&$B45,"") | W45: =IF(AND($B45<>"",$C45<>"Target state",$C45<>"Exception",$D45="Low",$E45="High"),$A45&" "&$B45,"")
A46: ⑦ | G46: =IF(OR($B46="",$D46="",$E46=""),"",IF(OR($C46="Target state",$C46="Exception"),"Out of scope",IF($D46="Low","No tranche",IF($E46="Low","Tranche 1",IF($E46="Medium","Tranche 2",IF($D46="High","Tranche 3","No tranche")))))) | J46: Low | K46: =_xlfn.TEXTJOIN(CHAR(10),TRUE,U$40:U$49) | L46: =_xlfn.TEXTJOIN(CHAR(10),TRUE,V$40:V$49) | M46: =_xlfn.TEXTJOIN(CHAR(10),TRUE,W$40:W$49) | O46: =IF(AND($B46<>"",$C46<>"Target state",$C46<>"Exception",$D46="High",$E46="Low"),$A46&" "&$B46,"") | P46: =IF(AND($B46<>"",$C46<>"Target state",$C46<>"Exception",$D46="High",$E46="Medium"),$A46&" "&$B46,"") | Q46: =IF(AND($B46<>"",$C46<>"Target state",$C46<>"Exception",$D46="High",$E46="High"),$A46&" "&$B46,"") | R46: =IF(AND($B46<>"",$C46<>"Target state",$C46<>"Exception",$D46="Medium",$E46="Low"),$A46&" "&$B46,"") | S46: =IF(AND($B46<>"",$C46<>"Target state",$C46<>"Exception",$D46="Medium",$E46="Medium"),$A46&" "&$B46,"") | T46: =IF(AND($B46<>"",$C46<>"Target state",$C46<>"Exception",$D46="Medium",$E46="High"),$A46&" "&$B46,"") | U46: =IF(AND($B46<>"",$C46<>"Target state",$C46<>"Exception",$D46="Low",$E46="Low"),$A46&" "&$B46,"") | V46: =IF(AND($B46<>"",$C46<>"Target state",$C46<>"Exception",$D46="Low",$E46="Medium"),$A46&" "&$B46,"") | W46: =IF(AND($B46<>"",$C46<>"Target state",$C46<>"Exception",$D46="Low",$E46="High"),$A46&" "&$B46,"")
A47: ⑧ | G47: =IF(OR($B47="",$D47="",$E47=""),"",IF(OR($C47="Target state",$C47="Exception"),"Out of scope",IF($D47="Low","No tranche",IF($E47="Low","Tranche 1",IF($E47="Medium","Tranche 2",IF($D47="High","Tranche 3","No tranche")))))) | O47: =IF(AND($B47<>"",$C47<>"Target state",$C47<>"Exception",$D47="High",$E47="Low"),$A47&" "&$B47,"") | P47: =IF(AND($B47<>"",$C47<>"Target state",$C47<>"Exception",$D47="High",$E47="Medium"),$A47&" "&$B47,"") | Q47: =IF(AND($B47<>"",$C47<>"Target state",$C47<>"Exception",$D47="High",$E47="High"),$A47&" "&$B47,"") | R47: =IF(AND($B47<>"",$C47<>"Target state",$C47<>"Exception",$D47="Medium",$E47="Low"),$A47&" "&$B47,"") | S47: =IF(AND($B47<>"",$C47<>"Target state",$C47<>"Exception",$D47="Medium",$E47="Medium"),$A47&" "&$B47,"") | T47: =IF(AND($B47<>"",$C47<>"Target state",$C47<>"Exception",$D47="Medium",$E47="High"),$A47&" "&$B47,"") | U47: =IF(AND($B47<>"",$C47<>"Target state",$C47<>"Exception",$D47="Low",$E47="Low"),$A47&" "&$B47,"") | V47: =IF(AND($B47<>"",$C47<>"Target state",$C47<>"Exception",$D47="Low",$E47="Medium"),$A47&" "&$B47,"") | W47: =IF(AND($B47<>"",$C47<>"Target state",$C47<>"Exception",$D47="Low",$E47="High"),$A47&" "&$B47,"")
A48: ⑨ | G48: =IF(OR($B48="",$D48="",$E48=""),"",IF(OR($C48="Target state",$C48="Exception"),"Out of scope",IF($D48="Low","No tranche",IF($E48="Low","Tranche 1",IF($E48="Medium","Tranche 2",IF($D48="High","Tranche 3","No tranche")))))) | O48: =IF(AND($B48<>"",$C48<>"Target state",$C48<>"Exception",$D48="High",$E48="Low"),$A48&" "&$B48,"") | P48: =IF(AND($B48<>"",$C48<>"Target state",$C48<>"Exception",$D48="High",$E48="Medium"),$A48&" "&$B48,"") | Q48: =IF(AND($B48<>"",$C48<>"Target state",$C48<>"Exception",$D48="High",$E48="High"),$A48&" "&$B48,"") | R48: =IF(AND($B48<>"",$C48<>"Target state",$C48<>"Exception",$D48="Medium",$E48="Low"),$A48&" "&$B48,"") | S48: =IF(AND($B48<>"",$C48<>"Target state",$C48<>"Exception",$D48="Medium",$E48="Medium"),$A48&" "&$B48,"") | T48: =IF(AND($B48<>"",$C48<>"Target state",$C48<>"Exception",$D48="Medium",$E48="High"),$A48&" "&$B48,"") | U48: =IF(AND($B48<>"",$C48<>"Target state",$C48<>"Exception",$D48="Low",$E48="Low"),$A48&" "&$B48,"") | V48: =IF(AND($B48<>"",$C48<>"Target state",$C48<>"Exception",$D48="Low",$E48="Medium"),$A48&" "&$B48,"") | W48: =IF(AND($B48<>"",$C48<>"Target state",$C48<>"Exception",$D48="Low",$E48="High"),$A48&" "&$B48,"")
A49: ⑩ | G49: =IF(OR($B49="",$D49="",$E49=""),"",IF(OR($C49="Target state",$C49="Exception"),"Out of scope",IF($D49="Low","No tranche",IF($E49="Low","Tranche 1",IF($E49="Medium","Tranche 2",IF($D49="High","Tranche 3","No tranche")))))) | K49: Complexity | O49: =IF(AND($B49<>"",$C49<>"Target state",$C49<>"Exception",$D49="High",$E49="Low"),$A49&" "&$B49,"") | P49: =IF(AND($B49<>"",$C49<>"Target state",$C49<>"Exception",$D49="High",$E49="Medium"),$A49&" "&$B49,"") | Q49: =IF(AND($B49<>"",$C49<>"Target state",$C49<>"Exception",$D49="High",$E49="High"),$A49&" "&$B49,"") | R49: =IF(AND($B49<>"",$C49<>"Target state",$C49<>"Exception",$D49="Medium",$E49="Low"),$A49&" "&$B49,"") | S49: =IF(AND($B49<>"",$C49<>"Target state",$C49<>"Exception",$D49="Medium",$E49="Medium"),$A49&" "&$B49,"") | T49: =IF(AND($B49<>"",$C49<>"Target state",$C49<>"Exception",$D49="Medium",$E49="High"),$A49&" "&$B49,"") | U49: =IF(AND($B49<>"",$C49<>"Target state",$C49<>"Exception",$D49="Low",$E49="Low"),$A49&" "&$B49,"") | V49: =IF(AND($B49<>"",$C49<>"Target state",$C49<>"Exception",$D49="Low",$E49="Medium"),$A49&" "&$B49,"") | W49: =IF(AND($B49<>"",$C49<>"Target state",$C49<>"Exception",$D49="Low",$E49="High"),$A49&" "&$B49,"")
A52: Risks | G52: =HYPERLINK("#'Sales & Servicing'!A4","▲ tracker") | K52: Assessment Outcome
A53: # | B53: Platform | C53: State | D53: Imperative to exit | E53: Exit complexity | F53: Supporting facts | G53: Tranche (auto) | K53: Low | L53: Medium | M53: High
A54: ① | G54: =IF(OR($B54="",$D54="",$E54=""),"",IF(OR($C54="Target state",$C54="Exception"),"Out of scope",IF($D54="Low","No tranche",IF($E54="Low","Tranche 1",IF($E54="Medium","Tranche 2",IF($D54="High","Tranche 3","No tranche")))))) | I54: Benefits | J54: High | K54: ="Tranche 1"&CHAR(10)&_xlfn.TEXTJOIN(CHAR(10),TRUE,O$54:O$63) | L54: ="Tranche 2"&CHAR(10)&_xlfn.TEXTJOIN(CHAR(10),TRUE,P$54:P$63) | M54: ="Tranche 3"&CHAR(10)&_xlfn.TEXTJOIN(CHAR(10),TRUE,Q$54:Q$63) | O54: =IF(AND($B54<>"",$C54<>"Target state",$C54<>"Exception",$D54="High",$E54="Low"),$A54&" "&$B54,"") | P54: =IF(AND($B54<>"",$C54<>"Target state",$C54<>"Exception",$D54="High",$E54="Medium"),$A54&" "&$B54,"") | Q54: =IF(AND($B54<>"",$C54<>"Target state",$C54<>"Exception",$D54="High",$E54="High"),$A54&" "&$B54,"") | R54: =IF(AND($B54<>"",$C54<>"Target state",$C54<>"Exception",$D54="Medium",$E54="Low"),$A54&" "&$B54,"") | S54: =IF(AND($B54<>"",$C54<>"Target state",$C54<>"Exception",$D54="Medium",$E54="Medium"),$A54&" "&$B54,"") | T54: =IF(AND($B54<>"",$C54<>"Target state",$C54<>"Exception",$D54="Medium",$E54="High"),$A54&" "&$B54,"") | U54: =IF(AND($B54<>"",$C54<>"Target state",$C54<>"Exception",$D54="Low",$E54="Low"),$A54&" "&$B54,"") | V54: =IF(AND($B54<>"",$C54<>"Target state",$C54<>"Exception",$D54="Low",$E54="Medium"),$A54&" "&$B54,"") | W54: =IF(AND($B54<>"",$C54<>"Target state",$C54<>"Exception",$D54="Low",$E54="High"),$A54&" "&$B54,"")
A55: ② | G55: =IF(OR($B55="",$D55="",$E55=""),"",IF(OR($C55="Target state",$C55="Exception"),"Out of scope",IF($D55="Low","No tranche",IF($E55="Low","Tranche 1",IF($E55="Medium","Tranche 2",IF($D55="High","Tranche 3","No tranche")))))) | O55: =IF(AND($B55<>"",$C55<>"Target state",$C55<>"Exception",$D55="High",$E55="Low"),$A55&" "&$B55,"") | P55: =IF(AND($B55<>"",$C55<>"Target state",$C55<>"Exception",$D55="High",$E55="Medium"),$A55&" "&$B55,"") | Q55: =IF(AND($B55<>"",$C55<>"Target state",$C55<>"Exception",$D55="High",$E55="High"),$A55&" "&$B55,"") | R55: =IF(AND($B55<>"",$C55<>"Target state",$C55<>"Exception",$D55="Medium",$E55="Low"),$A55&" "&$B55,"") | S55: =IF(AND($B55<>"",$C55<>"Target state",$C55<>"Exception",$D55="Medium",$E55="Medium"),$A55&" "&$B55,"") | T55: =IF(AND($B55<>"",$C55<>"Target state",$C55<>"Exception",$D55="Medium",$E55="High"),$A55&" "&$B55,"") | U55: =IF(AND($B55<>"",$C55<>"Target state",$C55<>"Exception",$D55="Low",$E55="Low"),$A55&" "&$B55,"") | V55: =IF(AND($B55<>"",$C55<>"Target state",$C55<>"Exception",$D55="Low",$E55="Medium"),$A55&" "&$B55,"") | W55: =IF(AND($B55<>"",$C55<>"Target state",$C55<>"Exception",$D55="Low",$E55="High"),$A55&" "&$B55,"")
A56: ③ | G56: =IF(OR($B56="",$D56="",$E56=""),"",IF(OR($C56="Target state",$C56="Exception"),"Out of scope",IF($D56="Low","No tranche",IF($E56="Low","Tranche 1",IF($E56="Medium","Tranche 2",IF($D56="High","Tranche 3","No tranche")))))) | O56: =IF(AND($B56<>"",$C56<>"Target state",$C56<>"Exception",$D56="High",$E56="Low"),$A56&" "&$B56,"") | P56: =IF(AND($B56<>"",$C56<>"Target state",$C56<>"Exception",$D56="High",$E56="Medium"),$A56&" "&$B56,"") | Q56: =IF(AND($B56<>"",$C56<>"Target state",$C56<>"Exception",$D56="High",$E56="High"),$A56&" "&$B56,"") | R56: =IF(AND($B56<>"",$C56<>"Target state",$C56<>"Exception",$D56="Medium",$E56="Low"),$A56&" "&$B56,"") | S56: =IF(AND($B56<>"",$C56<>"Target state",$C56<>"Exception",$D56="Medium",$E56="Medium"),$A56&" "&$B56,"") | T56: =IF(AND($B56<>"",$C56<>"Target state",$C56<>"Exception",$D56="Medium",$E56="High"),$A56&" "&$B56,"") | U56: =IF(AND($B56<>"",$C56<>"Target state",$C56<>"Exception",$D56="Low",$E56="Low"),$A56&" "&$B56,"") | V56: =IF(AND($B56<>"",$C56<>"Target state",$C56<>"Exception",$D56="Low",$E56="Medium"),$A56&" "&$B56,"") | W56: =IF(AND($B56<>"",$C56<>"Target state",$C56<>"Exception",$D56="Low",$E56="High"),$A56&" "&$B56,"")
